"","X","B11","Na23","Mg25","Al27","P31","S34","K39","Ca43","Mn55","Fe57","Co59","Ni60","Cu65","Zn66","As75","Se82","Rb85","Sr88","Mo98","Cd111"
"1","33-16",4.26089660912496,2.80657267950004,1261.97231687498,0.824159556250014,3349.00396399994,1136.07741737483,4562.9192836249,94.2920280850005,5.238511448625,21.4319090600004,0.00203229875000008,0.61642612725,3.24709269375013,22.1215220049903,0.014247995375,1.294820389,2.08129418125,0.23336593475,0.251911050249885,0.02544625725
"2","4226",4.51594433499996,3.21607911625004,1494.49791999998,0.873801962625014,3983.57802699993,1523.70452549983,4764.7260899999,80.4479686450005,9.24737474574999,20.7037279375004,0.00216729500000008,0.314897438375,4.39178900600013,29.5978743337403,0.0219410835,2.211847187875,1.469682584125,0.193323503875,0.342390260874885,0.028664329
"3","4722",3.91476647987128,3.11910506717545,1432.12945935775,1.45146869151114,3988.61461898374,1369.61054363609,4183.6846082126,98.3557229345056,11.464649799,21.3183866945698,0.0017713123641856,0.31430991075,1.4719544692405,29.0928989229979,0.0179747834973369,1.50539695925,2.22779793614499,0.201374127736154,0.301269552538958,0.0614598654129882
"4","A188",4.45401414587496,2.01191219537504,1477.81384862498,0.728069503125014,3854.25318549994,1223.71930796233,5354.3881821249,56.2019346700005,9.21118930887499,19.8897177337504,0.00190779337500008,0.23484735125,4.71519374875013,30.3841180349903,0.014188342875,1.604618868625,0.806271247999998,0.136467791625,0.334253172249886,0.015958768625
"5","A214N",5.03501602437128,2.58467433417545,1344.03215910775,0.618862750761139,3603.43477873374,1263.67984563609,4815.7587667126,44.2620544945056,6.14215654199999,17.1566790920698,0.0011488493641856,0.1184346395,2.3251716699905,21.9148648554979,0.0148766909973369,1.09759671675,2.55022903614499,0.0944667752361544,0.181877920288958,0.0189262514129882
"6","A239",3.97493098687863,3.19497788182462,1305.1083573922,0.712738348238888,3377.24815026613,1035.52166336357,3481.2806647872,53.9731775504955,6.91860612575001,21.900453275431,0.00206274188581456,0.124510677,1.99010723825977,25.9355463519828,0.0132283040026632,3.25284879425,1.588488800855,0.111813582763845,0.416830870210812,0.0269306563370117
"7","A554",4.97357184174995,4.09055485637504,1446.75588962498,0.797753574500014,3938.90022974994,1297.22452237483,4330.6971158749,55.5713719600005,5.86905241687501,32.4723788937504,0.00222606287500008,0.213944913,2.71492194437514,30.5769828587403,0.018807051375,2.061419775,0.904559863874999,0.128488736875,0.465742179499885,0.042921126
"8","A556",4.43741635962496,1.63665761862504,1225.04110099998,0.629788022125014,3086.01857687494,1040.76050099983,3923.3074172499,32.8596318600004,6.72596550175001,21.1389399550004,0.00116274162500008,0.128772615125,2.32461071037513,21.1598543999903,0.0116078725,0.968288869875,1.67236397025,0.0812169541249998,0.343593814749886,0.0541203238750001
"9","A619",4.45051477512496,2.79576332537504,1375.00710137498,0.590455094000014,2824.97880487494,1096.41048564983,3767.7661496249,57.3002204337505,6.570415541,26.0096233062504,0.00192358525000008,0.243010766375,2.11652382650014,27.9756876449903,0.0141621685,1.17304976925,1.32017779825,0.1333181695,0.267258343499885,0.028452528875
"10","A632",4.38039246112496,3.44898011587504,1449.21411037498,0.802872043375014,3672.69015512493,1263.77064174983,3837.7479343749,48.8799208337505,6.20669013199999,15.3775733225004,0.000922359750000079,0.164795415875,1.03230139600014,18.4279097412403,0.01474996125,1.827228107,1.16615434325,0.191042436125,0.208033248374885,0.015874346625
"11","A634",4.60110499724996,2.11842474725004,1529.92163199998,0.493850649625014,3693.86719824993,1272.77950662483,3860.1374882499,54.8473061950005,6.982587891125,20.2370322162504,0.000726720250000079,0.259021327625,1.90420377100013,22.2942044274903,0.01098681075,1.66880176325,1.58640661325,0.110914270875,0.283992725124886,0.02006516825
"12","A635",4.35068645187496,2.33374356062504,1485.10359987498,0.803290668625014,3562.05919562494,1256.13427224983,4308.5970294999,42.7341398125005,7.989795641,13.9755614975004,0.00150823500000008,0.2923533645,1.67198729837513,19.8387426974903,0.0130638985,1.23999832,1.177903019875,0.0939056778749997,0.194640528124885,0.0150380755
"13","A641",4.15842808762496,2.34573736537504,1461.19132712498,0.871150925375014,3658.90810962493,1082.52785587483,3957.37480924991,41.7643904300005,6.04882791987501,21.0534785687504,0.00149349875000008,0.191848067875,1.94039572275013,20.8045229674903,0.0166464365,1.787441490375,1.603914071,0.0866891739999997,0.262548281999886,0.01975056325
"14","A654",4.38713839962496,3.33185519725004,1251.79242562498,0.850788133250013,3710.44832887494,1212.67081474983,4322.1928799999,65.0386833212505,6.73221399574999,18.2971081212504,0.00336444987500008,0.244113046375,2.83775214512514,32.7728091324903,0.014494636125,1.481123922375,1.44241393175,0.14173678875,0.161324599249885,0.018687376875
"15","A659",3.87354411712128,2.45987544617545,1300.63073060775,0.93931832001114,3090.51583898374,1158.09731063609,4639.01523921261,77.2261032445056,9.17196161049998,18.8475989495698,0.0017904001141856,0.26666775475,1.3316067037405,20.4954911179978,0.0158139934973369,1.093865466,1.22742352364499,0.110083340986154,0.294929139038958,0.0176906989129883
"16","A661",3.71422978437496,2.68571365000004,1423.89100924998,0.830003228750013,3063.89125374994,1153.82993237483,3695.52829837491,51.6545302687505,4.456386516125,18.4337730925004,0.00145212075000008,0.489855828,2.68975546775014,20.5197242674903,0.0179356565,1.338471282375,1.754259878,0.109785555375,0.374684561624886,0.06746124825
"17","A679",4.83447216387128,2.60571446967545,1108.18237435775,0.71205561801114,3310.19443723374,1169.35847363609,4521.9200609626,71.7518806345056,4.63404633,17.7773324320698,0.00158442236418559,0.18004133375,1.6926564317405,19.5206290379978,0.0116775194973369,1.27135763975,0.875597540894995,0.146660551736154,0.447409588788958,0.0177000949129883
"18","A680",4.52304164412496,3.94712865450004,1135.66501739998,0.855728035250014,2891.32936024993,1072.58584231233,3605.7833714999,43.2900565025005,3.84924993149999,16.7238187025004,0.00104006862500008,0.234690210125,1.43427435037514,17.4969785562403,0.01497905225,1.250132370625,1.842854141875,0.134421001875,0.243378726874886,0.015719690375
"19","A682",4.71457835074995,1.84434351150004,1222.06249899998,0.532798870875014,3194.24023537493,927.477776049831,3608.2092678749,52.2528879700006,4.60289913712499,20.9824149262504,0.0108987318750001,0.2133924985,2.87439518337514,21.5812846412403,0.017255658625,1.431936401,1.162167517375,0.0988833053749997,0.297616838374885,0.06230436875
"20","B10",3.54324337187863,2.05502864482462,1415.5512378922,0.611747679738887,3465.13543776613,1353.82028286357,4557.8292627872,69.8632231029954,6.7684419785,15.422903602931,0.000714919385814563,0.41511379275,3.05869112825977,20.5699828869828,0.0144361510026632,1.81436584425,1.941584807105,0.153918044513845,0.0770724117108128,0.0220934553370117
"21","B103",4.91896735537128,3.48849090817545,1171.50133985775,0.80668504826114,3261.33508998374,1060.96096313609,4296.97767821261,41.1510649270055,4.376066329,20.7040545420698,0.0011870388641856,0.24735223525,1.5971386312405,24.5036257129978,0.0127881997473369,1.718962619,1.19767883789499,0.121592352236154,0.240148326788959,0.0117164486629882
"22","B104",3.53549529499996,2.89201145325004,1143.71126024998,0.632948713000014,2596.36043999993,986.20657809983,3212.86713424991,49.2627747625005,6.248157711,15.8160965537504,0.00101158312500008,0.326885389,1.31358532550013,16.3739362492403,0.01211575225,1.24359687775,1.42504889,0.1139464695,0.220649345749885,0.014051412125
"23","B105",4.20854416537128,2.93762657492545,1373.01714335775,0.79359132551114,3001.48119973374,1175.03412338609,3551.21922446261,89.4017340520055,6.8467915665,18.8616749445698,0.00119781261418559,0.22545149125,0.792972213490505,23.4960053129978,0.0129906887473369,1.17488992375,1.539753964895,0.228935767236154,0.326266793538958,0.0121326001629882
"24","B109",4.39690647062128,3.30060094042545,1164.18240810775,0.721850787511141,3177.86542073374,1380.59965863609,4472.68880371261,40.0166383470056,4.0234327655,20.7571940470698,0.00130283836418559,0.30941945225,1.2741576722405,22.1036660729979,0.00974756674733688,1.3850862955,1.19189854964499,0.0920919084861545,0.229145801538958,0.0167538041629882
"25","B115",3.81778471149996,2.04063139650004,1533.40274712498,0.679773912375014,3883.98674324994,1173.07875187483,3744.0500936249,45.8762481025006,4.69241116412499,15.9912937275004,0.00149091975000008,0.15634346675,1.25136897862513,23.9489992349903,0.015796080125,2.971853324,2.00258512537499,0.134495572875,0.248331764874885,0.026054519875
"26","B14A",3.86097224662128,2.83490194942545,1378.15009960775,0.85116850001114,3709.76006198374,1398.62788888609,4124.8400929626,43.2754025420056,6.49793487000001,18.4823586445698,0.00162533086418559,0.2611092295,1.6685270872405,18.3292999704979,0.0201747142473369,1.32650424525,1.237230326645,0.0820389832361545,0.151310114288958,0.0351641714129883
"27","B164",4.26662187137496,3.39428680337504,1232.30340162498,0.991695782750014,3376.60675862494,997.148862499831,3422.3554413749,54.0458414925005,6.473013961625,18.6809681500004,0.00113768400000008,0.237675303625,1.29249417412514,20.5029876037403,0.073857645875,2.234550573375,1.542017929625,0.119413002,0.368917631374885,0.017136771125
"28","B2",4.29911319612128,3.15403862692545,1365.87038440775,1.48230742626114,3738.64405248374,1072.56499513609,4025.1341964626,77.0825085170056,8.1727707035,31.2589658895699,0.0013602726141856,0.0878775009999999,3.7308298807405,29.9520688229978,0.00940156549733688,1.27698266575,0.972840748894996,0.187485647736154,0.173768077288958,0.0124239691629883
"29","B37",4.97922375362496,1.92746238212504,1534.72718324998,0.826296806375014,3499.15162049993,1268.11923762483,3615.7779794999,114.118309940001,7.06509272250001,20.9153790562504,0.00143103912500008,0.35871569975,3.05829052737513,29.1311203537403,0.0146726495,3.5386275575,1.182929582625,0.230798484625,0.343966859749885,0.0715271000000001
"30","B46",3.89157642712496,2.74919417875004,1445.70496649998,0.594869697500014,3900.05757012494,1084.31767262483,3277.3749352499,57.3986015512506,5.404096474125,20.5779189412504,0.00151614725000008,0.343400668375,2.00023132012514,22.4379635237403,0.0164928975,3.1824466875,2.0405321855,0.10945805325,0.372071214249886,0.0162525315
"31","B52",4.59782327362128,3.45117636342545,1489.54075360775,0.57032836001114,3119.11560048374,1262.17956863609,4005.0981009626,36.4957844020056,5.10963612875,21.3005922620698,0.00129349386418559,0.52017365925,1.7586439354905,33.9923409004979,0.0126749359973369,1.29032525,1.17603419089499,0.0907515164861544,0.290102910038958,0.0261641604129883
"32","B57",4.94628867974996,4.30493218900004,1573.01382312498,0.879352910125013,3289.98738399994,1257.25539312483,4830.0724587499,96.1913556100005,7.519903112125,21.7269301562504,0.00140863387500008,0.3104196365,2.41185042212513,23.1599633249903,0.019437719375,1.47656237175,1.721820853375,0.26510816575,0.486796029374886,0.026904884875
"33","B64",4.31147855124996,2.79161512150003,1361.62200462498,0.942277292250014,3780.06029324993,1359.61345337483,4614.6623708749,51.0046298525005,5.159774397875,18.1681322487504,0.00106778950000008,0.317317910625,2.64944060187514,23.6460388074903,0.013006826,1.717087131,1.92677127975,0.161480105125,0.250798515624886,0.025310062875
"34","B68",4.98024977887496,4.25133471975004,1350.46821149998,1.16990275525001,3729.03205299994,1355.94119874983,4585.7220792499,49.5085335587505,6.3383494745,15.1232721162504,0.00112774662500008,0.196374829625,2.13668549100014,20.3581230149903,0.016852648625,1.99062492925,2.10610536725,0.173652760375,0.305572000749886,0.02195010525
"35","B73",4.20461560797191,2.89974948576733,1192.14649486025,0.98124231247662,3103.07988619635,1154.83148282262,4244.15347421905,47.8123560624343,4.79749354954964,20.7067644068871,0.00121550087705335,0.203579275690798,1.55044603667737,23.6218717026163,0.0137676543661688,1.49674575125795,1.46493923806352,0.139086846200713,0.23037725613416,0.0173518506941397
"36","B73Htrhm",4.29442783474996,4.16754147862504,1137.28400687498,0.962762363625014,3051.97033149994,1153.30996449983,4322.0479498749,46.4438502237505,4.24799534925,19.8537247000004,0.00116119575000008,0.1882776725,1.43168875900014,22.2098007937403,0.0199529845,1.8208254625,1.867677900625,0.16564769875,0.217006334999886,0.01731923125
"37","B75",4.51388502399996,1.90375234150004,1501.24270874998,0.761578248625014,3192.82821162494,1341.94548062483,3988.8593727499,58.0246510150005,5.16034573675001,21.0002720500004,0.00138226187500008,0.21887296625,1.06628692337513,26.1614929799903,0.012491192875,1.32240017775,1.20067477675,0.134954841625,0.302596593624886,0.066658545875
"38","B76",4.15170610999996,2.83860302000004,1340.72627349998,0.709839462375013,3464.08005437494,1132.14118899983,3747.0674706249,60.1469637012505,5.674273421625,22.0207059987504,0.00121664650000008,0.4002205715,2.94788958575014,20.5874576349903,0.01367638425,1.039975212375,1.03823539325,0.166461013125,0.251447503624885,0.123006661375
"39","B77",4.80057732224996,1.64173212087504,1182.18805437498,0.827963730875014,3308.03901462493,1032.95070626233,4528.72897412491,57.9453597712505,5.00499512525,19.8881237600004,0.00125178600000008,0.2886069185,1.75775486737514,20.5989907899903,0.01320287225,0.9058839626375,2.0475993565,0.122565122375,0.325787412999886,0.0510448046250001
"40","B79",4.39718675587496,2.93176299075003,1537.27149799998,0.783528658125014,3646.71547324994,1251.47345737483,3989.2917404999,80.1512876600005,6.41609987962501,18.3859661725004,0.00126581737500008,0.205727558875,2.04344675175014,22.5920759824903,0.0144788985,1.77552479775,1.69961571425,0.234745806125,0.300020660874886,0.014365750125
"41","B84",4.74087111612495,2.43224714012504,1199.63537724998,0.882325938750014,2911.84633649993,1207.04699918733,4280.3565772499,48.9437454150005,6.66060041362501,20.2310136725004,0.00132041162500008,0.255044261625,0.751585163125136,23.9925238349903,0.015837005125,1.169610205125,1.44592570925,0.0822917432499998,0.268914351499886,0.026701623125
"42","B97",3.88725552224996,2.55552942237504,1327.51584637498,0.515278878875014,3024.00667749993,963.10916839983,3182.8449282499,69.0317384725005,6.367730432625,18.6174945087504,0.00111261787500008,0.198138207125,1.75363859525014,22.7170320624903,0.01073316025,2.632705850125,1.314576044125,0.14723575725,0.344272222499886,0.014762937875
"43","C103",4.41988007637496,1.92826735437504,1237.39460374998,0.621565897250014,3758.69432824994,1052.77051689983,3893.1047981249,60.7817143350005,5.56021951825,20.8442848612504,0.00199453812500008,0.169611541,2.45139899437513,20.9537631937403,0.017026605375,2.909456630625,1.53841793375,0.0945955283749997,0.373482770624885,0.055572684875
"44","C123",4.23122653912128,4.70051008167545,903.135222582754,0.98521247151114,3279.62356473374,1046.22976941109,5005.33512796261,60.6196165695055,3.046458916,16.3062684395698,0.00195126711418559,0.39093592275,1.7347563322405,18.3925360404978,0.0178553912473369,1.0042384365,1.61255310964499,0.208764782486154,0.249984577538958,0.0778556261629883
"45","C49A",4.58494759599995,4.87629264275004,1655.07872787498,0.645361911125014,3960.80826874993,1421.76447287483,4524.1498568749,50.7110230087505,6.71898821362501,30.0792539462504,0.00191737075000008,0.637405129625001,2.99278817512513,30.3586632462403,0.0175448405,1.695660474125,1.300567109125,0.13706275525,0.407025726624885,0.032656550125
"46","CH701-30",4.87589485662496,2.39353378637504,1816.60036637498,0.725125830875014,4134.73326712494,1183.40923137483,4001.62600087491,71.9460859987505,9.54103323775001,26.8597133350004,0.00133224325000008,0.52483251625,1.45987837062514,33.6668397699903,0.01201738325,1.178813222125,1.123119823375,0.136711535375,0.422858600374885,0.0227265135
"47","CH9",3.64173640737864,2.47728100607462,1314.6196243922,0.583649683488888,3571.38747126613,1123.80370536357,4093.2257237872,43.4189080679955,5.33068412149999,16.660231312931,0.00126288288581456,0.229119737,1.05437249975977,21.4737172819828,0.0114952905026632,1.92050685425,2.326103968105,0.114629610013845,0.196303419710813,0.0129906193370118
"48","CI.7",4.45649725512496,3.12984430912504,1470.19659974998,0.736029161000014,3076.84420087494,1043.12511792483,3512.7522089999,50.3663238950005,9.12950643625001,19.8894671137504,0.00131982387500008,0.444264160875,1.81826505775014,22.6566751887403,0.014952168,1.8143814095,1.679842283625,0.145894302625,0.200785427124885,0.01754501125
"49","CI187-2",4.04342181812496,2.61023302062504,1556.51003124998,0.732778578750014,2956.21739512494,972.03806107483,3340.8264913749,40.2234553037505,6.2190400285,23.0873884862504,0.00104626262500008,0.178916518375,2.55230890287514,25.9088926424903,0.014934208125,3.95818234375,1.788897984,0.0836196609999998,0.269664786249886,0.0197055615
"50","CI21E",3.62501470537496,2.86273572025004,1412.14288824998,0.698738327625015,2855.18033174994,1123.45169099983,3067.1776708749,49.3804504425005,5.55548417537499,19.8121211537504,0.00142156237500008,0.23291882575,2.41805095887513,25.5386156412403,0.013236655875,1.31989986,1.221923989375,0.145273965375,0.223142860249885,0.017872311375
"51","CI28A",3.22629587312128,1.61681662967545,1363.70910960775,0.586424769011141,3268.97700348374,892.169432236087,3111.4882347126,30.4137234270055,6.95520606750001,26.8624852520698,0.0184614553641856,0.0554344430000001,1.8670823642405,21.5494918404978,0.0106908687473369,1.07159097525,1.10487018089499,0.0650847844861546,0.192603271788958,0.0237766116629883
"52","CI31A",3.70007959874996,3.99488681662504,1351.65782849998,0.827125018125014,3619.35573324994,1170.65421962483,3740.6032803749,60.2208581050005,5.84723113800002,27.7253356312504,0.00104709500000008,0.192671641375,2.33155368500013,16.3276073149903,0.013103189125,1.036926661875,3.21333969775,0.114734097375,0.298648272874885,0.016015691625
"53","CI3A",3.87438914712128,6.52814301892545,1239.66500485775,1.28225622251114,3690.07826223374,1387.16643388609,4593.6973472126,108.817159164506,4.32084555675,23.8044199570698,0.00184279761418559,0.203823985,2.3787651964905,23.8887131929979,0.0236217352473369,1.61426175925,2.896654520895,0.285104546736154,0.509491038288958,0.0316081171629883
"54","CI64",4.23508401574996,1.94474400100004,1303.19927574998,0.716432515625014,3407.95469037494,1148.48900062483,3313.6403802499,44.9152163162505,5.468723970625,13.7196188425004,0.00146274175000008,0.23745438975,1.16303898962514,18.5243672987403,0.01460868875,53.3096406665,1.781447410875,0.1008728795,0.459528778124885,0.021922885625
"55","CI66",3.65185571087128,2.39105277392545,1668.41936460775,0.94150757276114,3678.01610423374,1261.00728988609,4129.0553074626,31.7799155295055,7.3020609055,26.0119077170698,0.00145608086418559,0.25366866525,1.4637217654905,21.2523012204978,0.00942132324733688,1.01323405975,2.12566359814499,0.0716949657361545,0.241197395788958,0.0160679709129883
"56","CI90C",3.81596304162128,2.77485415342545,1273.77981785775,1.04655883301114,3210.47512198374,1183.95060313609,3697.7082434626,68.1130783420055,6.2255721105,19.2394930820698,0.00203605636418559,0.170888169,1.9192452062405,23.3920333829979,0.0233435107473369,1.48150765525,1.03134134889499,0.143347730986154,0.440842031038958,0.0303480259129883
"57","CI91B",4.87509833037128,7.51708752042545,1280.20723510775,1.31728951976114,3597.00285873374,1173.46121263609,4692.75587046261,77.0718493245055,5.327291894,20.3400233245698,0.00228115511418559,0.23625335625,2.9259351202405,20.9193269929978,0.0235074352473369,1.47023125825,2.96751901414499,0.171822493236154,0.324436350788959,0.0293850181629883
"58","CM105",4.50552861049996,2.01383975412504,1455.69091362498,0.722388418750014,3648.26112262494,1214.26121237483,3735.11732474991,39.5714831025005,6.104508792875,19.2102440162504,0.00142445787500008,0.487373606125,1.79548205625014,19.7242370874903,0.01801399275,1.26066136175,0.689578523625,0.0790074074999998,0.372775273374885,0.028940550875
"59","CM174",4.51916793512128,3.93821381192545,1482.92883635775,0.727630537011141,4258.03221923375,1284.27201213609,3772.7144247126,37.4657836670056,7.37533470600001,20.1724995145698,0.0021866591141856,0.21666889825,1.4277626774905,21.3284800629978,0.0137371832473369,0.9707177525,1.59065638764499,0.108926115236155,0.209909831288958,0.0157442844129883
"60","CM37",3.87716898724996,2.60380701612504,1497.00845587498,0.501988602000013,3846.36497624994,1238.36044349983,4111.3386331249,41.7671826950005,4.99451793675001,21.0885940900004,0.000895417875000077,0.11163548575,2.69901551287514,30.1995007937403,0.011101057,1.396664063625,0.803826203249999,0.0930169696249998,0.369348966749886,0.01121429775
"61","CM7",4.14850968149996,2.47074743087504,1484.68468524998,0.675381427375014,3871.44746112494,1225.97850474983,4604.45642049991,36.6259462712505,5.584781183,21.5503953637504,0.00140299625000008,0.29049747825,2.36338878237514,25.3799971987403,0.015944567625,1.541430506625,1.602471790125,0.0920862752499997,0.427400669499886,0.02368068775
"62","CML103",4.00288093849996,2.86405873550004,1389.31838612498,0.748298426125014,3663.66246337494,1203.62421749983,4193.1251841249,68.2368594637505,6.874281951625,23.9107136025004,0.00114982475000008,0.208300646125,2.04553942025014,31.8557856849903,0.013070649125,1.6758244575,1.6817023515,0.1334180275,0.101633119999885,0.01933359025
"63","CML108",3.77958379037128,2.14957642017545,1411.22156985775,0.60770562376114,3684.94911023374,1201.63992313609,4214.4969037126,59.6888866395056,4.312890631,21.6203388445698,0.00110048511418559,0.13441136075,1.4895312554905,23.4955630129979,0.0125834774973369,0.98511538075,2.16821268464499,0.183436498236155,0.119538120788958,0.0153522929129883
"64","CML11",3.82594545699996,2.98825280912504,1231.69674999998,0.631822032250014,2734.16361537494,1014.01180814983,4391.36501774991,64.9209529412505,4.7300065325,14.1605440162504,0.00103724537500008,0.14330032325,1.21969552900014,15.7488289487403,0.016034136625,1.722554477,2.12806062775,0.14588823025,0.165550534874886,0.016218740625
"65","CML154Q",5.24156970828795,1.68960547875878,1664.62014969109,0.877966626344473,4228.78917165041,1269.28692488609,5809.72632704594,38.1155558170056,5.09134534366667,20.7819818145698,0.00216197528085226,2.094682085,1.93486759707383,28.0986054029978,0.0199708278306702,1.147681596,2.830954815895,0.0341635361528212,0.279697710205625,0.0230011324129882
"66","CML157Q",4.22483095999996,4.28515792675004,1378.25262862498,0.815051765750014,3284.08468437494,1069.21738137483,3574.1634437499,87.7618465350005,6.73069409850001,16.2607104175004,0.00104345562500008,0.108358589125,1.18072737162514,23.7733195512403,0.015031451375,1.28128249375,1.128696792375,0.23226956575,0.0651218033748853,0.021547979375
"67","CML218",4.25011972374996,3.74246403525004,1548.06248424998,0.677831160000014,3254.20361587494,1241.28342224983,3338.7213416249,125.282861538751,9.70748013287499,27.2268219912504,0.00135190787500008,0.189113701875,1.14782206450014,21.6779626824903,0.01571196775,1.4396256405,1.584328646625,0.29851847575,0.236170777749885,0.02119438375
"68","CML220",3.84505728162496,2.08995979412504,1561.48439087498,0.666641007375014,3732.83093662493,1033.86110444983,3771.13286874991,74.5011190387505,3.48816473925,23.0974879812504,0.00150494350000008,0.206413972125,1.81328894775014,33.5919432962403,0.01176114075,1.84166177425,1.58127456925,0.135391717125,0.229005911499885,0.009694857
"69","CML238",4.39806976074996,2.33415913862504,1519.31851062498,0.583759323500014,3812.27550037494,1369.88803162483,5213.9439411249,97.6748448462505,7.95591344312501,19.9809159175004,0.00181747312500008,0.227324272625,1.18290698400014,22.4101594299903,0.013683499625,1.46272200275,1.953866536875,0.13318246925,0.176725313124885,0.021529493125
"70","CML247",4.24336058662496,2.52142722550004,1346.37131949998,0.924164148000014,3582.49135574993,1094.63160312483,5143.49640199991,100.10995683625,5.88318653062501,14.9362627025004,0.00175845875000008,0.472801177875,1.88777757125014,28.5958634874903,0.019545864875,1.704304864,4.2053131155,0.159966020875,0.206985793124885,0.024066415875
"71","CML311",5.12975922199996,3.98321360962504,1406.36525087498,0.837537439125014,3984.75562324994,1197.76939037483,4815.0243184999,146.454241625001,5.6590438155,19.6440790200004,0.00190047087500008,0.372527943875001,3.16736917037513,25.6917040624904,0.02174915925,1.813741218125,4.02999831024999,0.320556628125,0.111149843249886,0.020337989125
"72","CML314",3.86368433887496,2.75264693512504,1295.01788746248,0.773320794125013,3300.14874837493,1124.70197137483,3536.54399687491,51.6294765437505,6.263661446125,20.1362984287504,0.00112142800000008,0.074037995125,2.09871042825014,25.5385579337403,0.01241592775,1.141909423375,1.384741446,0.139046975625,0.191231511999885,0.032219121625
"73","CML322",3.79948907249996,2.94251166500004,1270.98607987498,3.15363108525002,3729.36943437494,1025.71942704983,3781.8345552499,72.6091276975005,5.47992099225,23.1548513500004,0.00120137250000008,0.28139513525,3.36267593125014,26.6009055937403,0.012756310875,2.198459926375,2.342504537625,0.1435381415,0.458532655499885,0.02163585775
"74","CML323",3.97419055087496,3.65875280512504,1507.01336362498,0.905170658375014,3645.28065749994,1309.82910374983,4164.05284837491,84.0435650462505,6.7483560515,26.4163235725004,0.00198684525000008,0.352540653,0.851223812875135,23.5995556862403,0.014383277875,2.05987911425,2.034570836875,0.224443906625,0.135932575124886,0.0257063995
"75","CML331",3.81040338087863,1.92185723632462,1509.4324488922,1.14428277448889,2873.59574376613,1198.62058286357,3154.7741962872,47.4065849329955,5.53875802675,15.177205137931,0.000787917885814563,0.271886702,1.28322527775977,18.0234621344828,0.0133778287526632,5.2171001035,1.764757911355,0.088515959763845,0.193907372210813,0.0207618508370118
"76","CML332",5.04549764137496,3.58960483962504,1328.73405277498,1.11375367187501,3882.73464987494,1051.22898728733,4604.6880712499,104.37494873625,6.63957525375,25.7660411875004,0.00151852637500008,0.239814262875,1.94156949900014,28.0487492562403,0.01672907875,1.581205700875,1.656686157125,0.34587517075,0.340337369124885,0.019386858875
"77","CML333",4.32492399512128,2.94204715792545,1467.65445835775,0.84301663951114,3662.22848448374,1215.92332488609,4558.5403722126,71.2769266820055,5.3140418365,29.6669101845698,0.0014575008641856,0.411347443,3.2079346617405,34.9699785929978,0.0146880129973369,0.9764564685,3.13366684864499,0.253788307986154,0.272769459788958,0.0232484251629882
"78","CML52",3.63136349362863,2.21335237157462,1355.8125311422,1.00416728123889,2896.78481826613,922.017900488572,3256.8197710372,45.1336495004954,5.6793340365,19.582242772931,0.00114727463581456,0.31988331175,1.11789578075977,17.1838532594828,0.0164754785026632,2.949428016,2.713415937105,0.119354519513845,0.175384045960813,0.0305429483370118
"79","CML91",3.96323540312496,2.40639701387504,1466.44830449998,0.667277939125013,3349.16709162494,1205.14038487483,3904.9735647499,56.6791592362505,7.49710112149999,19.0487428162504,0.00142051100000008,0.150965209125,1.27092738137514,24.5001783912403,0.013320461875,1.04298907025,1.59705612825,0.132513998375,0.0885985719998854,0.024857664125
"80","CML92",3.83179309387496,2.86435372575004,1065.06547487498,0.676459096375014,3276.32065537493,1269.97993987483,4858.5170063749,73.3904815162505,4.765405356,20.2547239150004,0.00111467775000008,0.22970201725,1.12499655575014,21.5639967112403,0.0144996615,1.0228927975,1.357407428125,0.20407979775,0.190986167624886,0.014916218
"81","CMV3",4.37135618937496,3.31674925525004,1495.91436187498,0.728405888875014,3954.83898037494,1186.38131587483,4596.8770044999,55.0635687612505,5.41849432774999,24.9746398412504,0.00151623662500008,0.224559430875,1.77074604012514,23.0790252137403,0.01880753025,1.9588453715,1.320043789,0.126150203125,0.274165217999885,0.020041460375
"82","CO106",4.12281169599996,2.94107830562504,1452.81189443748,0.775961344625014,3542.25902499994,1370.19686149983,3521.2346221249,68.2173856962505,5.379105601625,18.4874120012504,0.00161207950000008,0.0971387485,2.73796099375013,28.7183676624903,0.020624360375,1.549099721125,1.056328732875,0.18736640125,0.384456120624886,0.02262500225
"83","CO125",3.66660934862128,3.20767967867545,1572.35990835775,1.18713938126114,4618.47729223374,1227.60258438609,4273.5324157126,73.6976011620055,5.410762113,22.5845496695698,0.0017671261141856,0.15312804925,3.1970788397405,23.6197368079978,0.0180438907473369,1.42107093875,0.632895961644996,0.154116549236155,0.389724133288958,0.0269424436629883
"84","CO255",4.22855481787128,2.38610498192546,1518.43565235775,1.18019403626114,3838.57846698374,1144.79865813609,3818.8744939626,74.2493263495055,8.0613049025,26.8715263920698,0.00243443186418559,0.26562139975,2.0646118822405,22.4851666279978,0.0163890717473369,0.7862563745,0.656931556894995,0.172110334986155,0.587642605538958,0.00800184091298826
"85","DE_2",4.59736694999996,2.82422505237504,1039.47953737498,0.719658664125014,3261.37614149994,992.262118687329,4775.2211759999,90.1204286687505,4.458532552625,17.8454001800004,0.00266604375000008,0.177282832375,1.62691884175014,20.7755137174903,0.011027300625,2.053140192375,1.470449660375,0.210441094375,0.191879896999885,0.022721308625
"86","DE_3",4.46192533949996,1.91771030362504,1178.16035137498,0.835870745250014,3159.28831587494,1009.31384548733,4817.4647109999,64.2553599687505,3.148243324,14.5839940212504,0.00149843137500008,0.15236693725,1.73514168187514,14.4746188362403,0.0144539385,1.878015936125,3.4920348565,0.167366510875,0.310502757124886,0.053432542875
"87","DE1",4.44821705899996,2.65603915875004,1158.10573444998,0.568191422375014,3215.72088224994,1059.00120317483,4120.0661477499,50.8833498525005,5.000657225125,18.0742697900004,0.00199602500000008,0.3016069225,0.961229335625136,18.9603540949903,0.0149812865,1.364762743625,0.863451864624999,0.147373304125,0.238571518749885,0.02383645375
"88","DE811",4.48834050387496,3.25409084825004,1408.05321762498,0.820016471000014,3867.38782074994,1144.56203537483,3978.82751174991,58.4160970000005,4.84977990125,15.4756988512504,0.00144989600000008,0.363599477875,1.38536874737513,20.2735716074903,0.015684529,1.80972164375,1.370498379375,0.17026231425,0.196251778874885,0.027565631
"89","E2558W",4.71619528399996,2.94640315700004,1302.42468774998,1.07444444612501,3160.34734812494,1143.49797634983,4339.3744851249,63.9661852612505,4.058084469875,23.3096717862504,0.00134118050000008,0.138330331375,1.31956023750013,20.9049778599903,0.019388994625,1.747200474125,1.41674976399999,0.223426759875,0.225528334499885,0.0220040155
"90","EP1",4.65241876112128,3.47777891667545,1722.30226885775,1.00283106801114,5143.76630723374,1419.59023163609,5253.3663422126,105.563978682006,11.812701775,32.2099100020698,0.0021902086141856,0.804269515499999,6.81034648774051,35.8103644004978,0.0114908932473369,1.5520212865,1.21203905639499,0.317439789486154,0.271974823538958,0.0253738251629883
"91","F2834T",4.11605906612496,2.95519141762504,1305.02529662498,0.811951580875014,3287.92659737494,1026.20393547483,4525.6820987499,71.4159372850005,6.348363022125,11.6393291600004,0.00132327012500008,0.195438696875,1.28331559625014,20.6197895099903,0.012445833,1.11864688725,2.263242581,0.1554826265,0.304587149249885,0.035151027375
"92","F44",4.43887650812496,4.23450041325004,1461.04649324998,1.06653700587501,3817.55528287494,1194.82509162483,3855.7980876249,82.5389570462504,7.49813281687501,21.1132479300004,0.00114392662500008,0.14240318975,2.55068680187514,28.1819590212403,0.018995752375,2.671666305625,1.586599288,0.28026201875,0.219458392499885,0.022408074875
"93","F6",3.72892601337496,2.15288693437504,1678.28087249997,1.03966759100001,3389.89945937494,1390.85709349983,3347.51909749991,95.8410981362505,6.17278558825001,21.9345146412504,0.00121149850000008,0.1649406725,2.41754702262513,32.2047841724904,0.00905773100000004,2.272495433125,1.389808854625,0.20501276175,0.221592047499885,0.00895475125000001
"94","F7",4.21954268887496,3.41019455425004,1531.94159212498,0.812586030500014,3729.11313662494,1238.44612524983,4561.66192337491,75.8173758350005,11.51855278225,31.8152989612504,0.00316079412500008,0.126186274875,3.40043393700013,32.8707431699903,0.0227218995,2.658105919875,0.891259256249998,0.176299482125,0.573483779374885,0.034194027875
"95","GA209",5.40849844637128,1.86168749492545,1312.30249335776,0.80175040251114,3205.08036723374,1171.04626988609,4218.08393071261,37.8034365970056,6.58880866875,28.3196586695698,0.00136179561418559,0.14770521525,1.4804078857405,40.4295223179979,0.0146456722473369,1.485703831,1.30086506139499,0.0510390254861545,0.247514581038958,0.108543845162988
"96","GT112",6.45461189462128,8.25454372817545,1657.01235985776,2.11713759426114,3780.27155898374,1552.39052338609,4736.5591819626,232.640532297006,13.77827932,20.7251565395698,0.00327940411418559,0.619485609,5.7385447439905,35.1116926654978,0.0393070544973369,2.06441557025,1.078597001395,0.628277630486155,0.157610609538958,0.0703508301629882
"97","H105W",3.97005865905245,2.96895662547695,1366.69977783187,0.879638752712808,3750.25378435332,1273.76202118715,4079.07777011473,28.0897967361975,5.12743810993912,17.5844892639516,0.000982550701680768,0.245575267347568,2.09221439115727,18.5245584824094,0.0106928131077313,1.18693906876586,1.1980985491257,0.0908413508879801,0.151272586475227,0.0148677247615767
"98","H49",4.64434004312495,3.59243263712504,1273.63787462498,0.932209608125014,3524.79582574994,1359.99452724983,4157.9626747499,70.5593949275005,7.580273238125,19.4127842025004,0.000934818375000078,0.265035950875,2.03753610762514,22.7082051262403,0.011684282125,1.889937988625,1.510022472,0.142254162,0.157284509499886,0.023762060125
"99","H84",4.64091659912496,2.49576097625004,1416.53054962498,0.550383983750014,3449.09280599994,1104.95964984983,3321.0116086249,49.7039916425005,4.55986634075,16.4885558325004,0.000928593250000078,0.2087528845,1.90429176600014,25.4540104874903,0.00960219212500004,1.527081414625,1.094187544875,0.0957071952499997,0.0486563738748856,0.068224845
"100","H91",4.81788791074996,4.07074477900004,1381.98640099998,0.655475943375014,4083.12643774993,1354.48890749983,4385.1108596249,46.2809689312505,9.3194577735,17.2039644225004,0.00137729075000008,0.3634187735,1.94850530450013,20.7501988149903,0.01784019825,1.61132761675,1.29989360775,0.105373495375,0.138944150249886,0.0274528618750001
"101","H95",3.47317900512496,3.60904625300004,1318.49302137498,0.920532869000014,3023.48441024994,1046.15620959983,3507.47412224991,82.9447551000004,6.547076804375,19.9550490987504,0.00136365425000008,0.189223823125,1.55018688112513,22.5258705212403,0.01077085725,1.024835016125,1.72641798025,0.209898636125,0.347955592249885,0.021598777125
"102","H99",4.64952000887128,2.93306060892545,1437.21960335775,2.33651771851114,3571.71412473374,1337.17607713609,4095.0959832126,47.4342289895056,5.47870402675,23.1462153720698,0.0019716946141856,0.1533255915,2.7846579959905,23.7309148079978,0.0203439199973369,1.07538997125,1.20470457664499,0.102713102736154,0.373301813038959,0.0331598414129883
"103","Hy",3.44345414624996,3.75275228787504,1329.94436462498,0.976092937250013,3375.98970262494,1155.05633374983,3760.5577223749,84.6327001650005,6.11911331725,17.0329211462504,0.00156369425000008,0.12730633075,1.31541389625014,25.9249431574903,0.010505093,0.8673301455,1.16583336575,0.1323154095,0.130343612249886,0.01043971725
"104","I137TN",4.54579562212128,2.40461428617545,1313.16721110775,0.59386682251114,3931.47872223374,1274.44584088609,3880.4799157126,73.3701020045055,8.96295392950002,21.0172301195698,0.00128415011418559,0.2030257135,1.5684295519905,27.4715686979978,0.0123128587473369,1.0870029855,1.492845427395,0.147063415986154,0.226526551288959,0.0184284681629883
"105","I29",5.86666469024996,5.37707552800004,1753.17634512498,2.03593583575001,4956.82045399994,1135.42018237483,3655.2592424999,79.4220998637504,5.68419282875001,28.1713081462504,0.00291544187500008,0.194112113625,4.97675028637514,31.5007877212403,0.01625178875,2.397203079,0.952015425124998,0.2234180965,0.492177691374886,0.0605656322500001
"106","IA2132",5.49954296049996,3.25983720825004,1656.95841612498,1.09602596850001,4513.11676387494,1492.78927724983,5549.8831827499,134.315620685001,9.00895638574999,33.7877808525004,0.00229402012500008,0.288765765375,3.58022713275014,36.4920568687403,0.01951593775,2.227531049125,3.36028792999999,0.34486564775,0.415535390499886,0.024578099375
"107","Ia5125",5.75513997462128,6.92550328967545,1350.44736860775,1.32710971251114,3914.23814898374,1260.08705313609,6091.1632072126,113.456526572006,7.49062737074999,21.9600522595698,0.0017780148641856,0.583354973000001,3.9103996419905,25.4934581129978,0.0276290192473369,1.3441511475,1.143974777895,0.363988231736154,0.224035434288958,0.0337452866629882
"108","IDS28",5.31936698224996,7.79679685825003,1458.09644037498,1.51402129512501,4255.17209274993,1251.00900474983,3922.8763457499,100.160371781251,7.688602116625,26.9257739437504,0.00283121087500008,0.241961464125,4.59406526337514,40.3206929287403,0.014736155,2.35545317825,1.783258592375,0.34862212825,0.357988800374886,0.028076569
"109","IDS69",4.43666328837128,2.51269285792545,1535.16551360775,1.26662447851114,3991.48356573374,1011.65940301109,2869.8567504626,76.1509308545056,10.42751537725,22.2729364420699,0.00268803061418559,0.181240176,1.0819125422405,29.9874662579978,0.0223020224973369,1.7938442205,1.44813365639499,0.121452144986155,0.305166766288958,0.0227559009129883
"110","IDS91",5.42984724362128,4.04069834567545,1669.50964735775,2.34121722526114,3973.52127548374,1093.55529763609,3549.38434521261,84.2367315995056,11.530090255,21.6856419095698,0.0020022071141856,0.21624927925,2.11827245724051,31.8588440404978,0.0111101009973369,1.552348358,1.98613101139499,0.253621323486154,0.271930217788958,0.0282451989129883
"111","Il101",4.57569731587128,3.68185991967545,1687.30177960775,0.86097006101114,4356.30581648374,1541.14874313609,6484.2530497126,71.8704332545056,6.91170611049999,35.9528305370698,0.0016559213641856,0.31890899875,2.9867099472405,38.0227893179978,0.0214718339973369,1.74585464225,2.50206127814499,0.225657275486154,0.395919453288958,0.0238932576629883
"112","Il14H",5.49025023724995,6.24215266687504,1495.53108187498,0.959567208250014,4611.32186262494,1439.81357637483,6821.53851899991,81.6746412500005,6.68652266350001,21.9202697912504,0.00143845637500008,0.0991958001250001,1.80666747800014,23.7666888587403,0.02387675025,2.012240371125,2.844288602625,0.247495635875,0.320456626749886,0.060474972125
"113","Il677a",5.53718072424996,3.70854434750004,1385.33679324998,1.12260011337501,3992.61155949993,1242.90453937483,6518.17585512491,155.499446425001,8.93682787262502,24.9650664175004,0.00188372162500008,0.21422921275,3.57758051212513,22.1990014612403,0.02327782575,1.78307960375,1.556569269375,0.3171544785,0.378946447374886,0.022971577625
"114","K148",4.32162337087496,3.25772135825004,1469.74597849998,0.925619440000014,3723.10399624994,1192.82947087483,3158.7248487499,69.5813732625005,7.593050578,19.2376390975004,0.00131607875000008,0.407068587,1.46073994862514,27.0195030799903,0.018384765375,1.277744318125,0.804818602125,0.173004609875,0.204232995624885,0.0319265525000001
"115","K4",4.20169726012496,4.97161528525004,1428.09177587498,1.18784822100001,3067.23424712494,1163.35166299983,3353.9422471249,35.9696169537505,6.0144571045,16.3834972387504,0.00107656562500008,0.204907570625,0.759999021750137,22.4897455862403,0.01670247375,2.432276787125,1.616947999625,0.141405146375,0.256962575749885,0.044236589125
"116","K55",3.56807839887128,3.64371863292545,1417.41415860775,0.69051506951114,3775.08689698374,1125.07686238609,3563.7464374626,42.7041647820056,4.34842838800001,24.5494385870698,0.00174482536418559,0.3625386975,2.0011633362405,25.5412257429978,0.0115837372473369,1.089347092,0.724831929394996,0.100864848986154,0.125387065538958,0.0112952401629882
"117","K64",4.21119530874996,3.00674424037504,1319.79641637498,0.710915641500014,3014.96183187494,1037.12506211233,3425.4277347499,33.3490209212505,5.862706188,14.9110344162504,0.000980098750000078,0.362598999875001,1.77454459937513,19.2651097299904,0.012558702875,1.547984933,1.4948562735,0.10214460625,0.268660414249885,0.0170469705
"118","Ki14",3.66218781387128,2.63220270892545,1281.48131385775,0.63181666876114,2988.90551498374,1045.30211911109,4699.7441879626,72.5826966695055,5.5753088855,15.6886662820698,0.00104250411418559,0.13507927575,1.0147680209905,19.0772915179978,0.0123875929973369,0.75699652425,1.96083146214499,0.193680067236154,0.201506856538958,0.0272488414129883
"119","Ki2021",4.68728885262128,3.80230126267545,1732.16510710775,0.86180151601114,4423.31972898374,1392.94781963609,6420.5201969626,86.4707621620056,5.88043276825,26.0565831595699,0.00147379836418559,0.11844758525,1.5104484172405,34.6673441429978,0.00970239674733689,1.3647782825,2.50576578539499,0.118970869736154,0.310159045538958,0.0253232354129883
"120","Ki21",3.85984323062496,2.08812173862504,1296.19719062498,0.686983556250014,3281.35441037494,1091.02983112483,4506.0483674999,54.0993564350005,5.404777967125,18.4167421925004,0.00122034650000008,0.08069676075,3.33004510012514,25.3238180274903,0.012111299625,2.019106814375,1.356511317875,0.131921681,0.310212569374885,0.072829488875
"121","Ki3",3.93580135362128,2.43570401217545,1443.07346460775,0.90505121176114,3325.70454398374,1011.31215956109,4170.5369739626,79.5263934020056,7.15534373625,17.8054576470698,0.00190883561418559,0.118938313,2.9757072122405,29.3052005904978,0.0165436374973369,1.216710049,1.44715320264499,0.129079077736154,0.177124962538958,0.0224047311629883
"122","Ki43",4.05785372312496,2.97992429850004,1700.94015537498,0.877640948500014,3657.54104974994,1341.43776599983,4966.50990087491,108.434005940001,8.811169325375,19.1797825525004,0.00123060375000008,0.12318639325,2.25887836425014,21.2024690662403,0.01892472575,1.213573286625,2.790956086875,0.186511867375,0.171930335874885,0.0342527605
"123","Ki44",6.27269848737128,2.69516876117545,1358.45239610775,0.99336374451114,4182.53577323374,1305.22317988609,5799.3286652126,81.9755226920056,4.71768925774999,22.8147999345698,0.00197019986418559,0.15939914975,1.7782082712405,35.8031801529978,0.0146427887473369,1.469305313,1.93654334764499,0.226783018486154,0.154738925038958,0.0172248536629883
"124","Ky21",4.03220967622177,2.18472610290503,1448.39173135524,0.59866612132465,3285.6878187239,1018.11765757421,4338.75385754838,101.54239894885,5.89342843942092,16.7572359531647,0.000866063219449353,0.0862059374950458,3.78187217289344,23.5075769053479,0.0147672249751648,1.21113658338836,0.954489065284211,0.190694224558817,0.369426597759481,0.153072936574423
"125","KY226",4.28644118824996,3.17538880525004,1738.91718458748,0.677190047500014,3895.51318349993,1141.55093999983,3129.6324567499,45.9095833112505,7.369800639375,21.5631097387504,0.00121254075000008,0.07152520925,1.24524942525014,20.0237454899903,0.011718925375,1.75795208225,1.53790469725,0.105269005875,0.299304361249885,0.019770241
"126","KY228",4.12362882462496,3.15548767887504,1602.40891674998,0.846388861875014,4189.21194749994,1278.32155337483,4348.2318952499,64.5020992775005,6.706406408,22.3275296375004,0.00159842262500008,0.118844846875,2.24832385225013,22.0121829037403,0.0159903705,1.925584068125,1.8100833715,0.1259077915,0.140579135374885,0.032935405625
"127","L578",5.39830868337496,4.48195932900004,1625.20223762498,2.47143732100001,4154.54805299993,1300.57137574983,4074.0038828749,86.4718816312505,9.2076795575,21.5712809550004,0.00161585862500008,0.078454058875,2.74404347912514,24.9294129549903,0.019286387375,1.31305484175,1.61927693625,0.18508728975,0.153374630874885,0.033475363625
"128","M14",4.66970020162496,4.22352855975004,1400.23048999998,1.07191311837501,3731.04614862493,1264.18078137483,3414.8340694999,113.584502795001,6.01519764762501,17.7490374650004,0.00129516950000008,0.24121262975,2.03898199087514,22.6705431587403,0.01776240975,1.9373958935,1.177895152,0.276868291875,0.284752027124886,0.020193958
"129","M162W",4.02777613662128,2.07182703992545,1551.45620985776,0.64478522701114,4312.57026173374,1351.94140413609,4101.4403162126,48.7929753945056,7.18110163075,32.7689765945698,0.00166546111418559,0.36132114025,3.2724242332405,30.1317242129978,0.0105379552473369,1.1895122685,0.560455508144993,0.0943306239861545,0.374723290538959,0.0260087071629883
"130","M37W",3.90589153812496,2.67767797512504,1392.56596999998,0.778190848500014,3558.66298487494,1107.63445349983,4038.9400272499,72.8130762887505,3.836435998125,23.2042057075004,0.000961887500000079,0.125166211625,1.23921393287514,18.6200134112403,0.013191632125,1.639167648375,2.88129096499999,0.160208903125,0.173315645374886,0.01599712525
"131","Mo17",4.44539422601847,2.4299589556769,1251.64258824162,0.7069068393263,3300.4548913953,1052.16602274965,4041.50738641147,44.4194585279885,6.21051679040655,21.1524461953858,0.00123663921591871,0.104838580111173,2.313504215351,22.0953898562434,0.0131874979120435,1.67712941845156,1.45059557759697,0.119155940512458,0.420198891082344,0.0450848381619527
"132","Mo18W",3.89945449387128,2.69360795392545,1210.21739660775,1.16838957726114,3510.05303673374,1242.88177238609,4543.1688934626,70.4651867245055,5.4850203615,19.6133050995698,0.00157272186418559,0.10890079225,2.6271949129905,26.8100228779978,0.00564008899733688,0.6245582855,2.89744922989499,0.147224943986155,0.276233797538958,0.00754504991298825
"133","Mo1W",4.33643782937496,3.75536819675004,1219.28010937498,0.833868306125014,3275.39896987494,1307.71755099983,4104.3716254999,45.5640453462505,4.96728393275001,25.6129168262504,0.00178428812500008,0.6728679775,1.41890505025014,24.5746935474903,0.016470373875,1.345065926125,1.298801724875,0.133030746625,0.251140104749885,0.024441599
"134","Mo24W",6.35587748537128,7.75010323542545,1280.67023160775,1.60939808301114,3941.02454773374,1245.70304738609,4174.9730597126,107.548629887006,4.58305301749999,17.2177899045698,0.00236268036418559,0.22087135275,3.4121225942405,24.7945551579978,0.0251504892473369,12.2198832575,3.148162288895,0.283047171736155,0.339648388038958,0.0893728369129883
"135","Mo44",4.36684890662128,2.65301049067545,1352.82881935775,0.64698163751114,3219.08423923374,1163.45851738609,4226.1216382126,60.5804096020056,6.508157812,23.4979389220698,0.00157719611418559,0.267301378,1.9681447729905,25.5077421979978,0.0134366424973369,1.053333184,2.47445855464499,0.156032609736155,0.324021142288958,0.0197419566629883
"136","Mo45",4.16871825512496,3.18706069850004,1292.30668699998,0.990399407250014,3064.96528674994,1124.48968389983,3452.1343156249,60.5609522225005,5.97386714862501,20.4578064112504,0.00175868937500008,0.410221557000001,1.79527274750014,22.5255471774903,0.02148137925,1.575272125625,1.718376848875,0.1291063945,0.322354709624885,0.0434577492500001
"137","Mo46",3.66400351774996,1.91376181612504,1475.54009087498,0.835236688125014,3467.75798674994,1148.79878362483,3132.3818419999,51.4828645725005,6.308427972875,19.8669348675004,0.00168535225000008,0.38396394825,2.14487699462514,20.9826268837403,0.014928314625,1.206621327625,0.845522229875,0.148657289125,0.203021443499886,0.027030827875
"138","Mo47",5.08827632787128,1.84752526617545,1554.47677310775,0.843186630511141,3475.48842448374,1346.07977063609,4153.8662719626,117.213821559506,4.35016541325,18.8196327870698,0.00223567661418559,0.36485848,2.5735341344905,35.1307838654978,0.0176598364973369,2.37343737475,1.58006643314499,0.198543551236154,0.163591623538958,0.0249531826629883
"139","MoG",4.86787266449996,3.03373365462504,1325.00212362498,0.697179444000014,3589.81041712493,1169.37461124983,4279.4419647499,62.8724374687505,5.860229418,19.7158381462504,0.00146911187500008,0.1804005355,1.19245314025014,22.6732756524904,0.015774527625,1.322194039,2.65052012225,0.13424946125,0.193495652124886,0.044860073375
"140","Mp339",4.30985523174996,3.31120741800004,1751.22727774998,0.923291728375014,3665.60281974994,1236.41488412483,4632.7028963749,83.4936726462505,5.824693020375,19.7464930237504,0.00123486687500008,0.228434524375,1.88994870412514,17.3418919687403,0.0171686345,1.3300962595,1.839193976375,0.287376155125,0.176893029499885,0.01833450525
"141","MS1334",4.83912339587128,3.18089358492545,1636.45848435775,0.53072005326114,3798.66470198374,1339.15693388609,3736.3374397126,39.3571723720056,6.67182351425001,27.5946928270699,0.00185119286418559,0.1341321195,2.9852299162405,30.0669983579978,0.0148958379973369,1.46617198925,1.91486649139499,0.0962962682361545,0.364378007538958,0.0182556831629882
"142","MS153",4.15772327787128,2.15553133942545,1129.85461285775,0.53063799151114,2869.87350123374,956.281682311087,3857.5766227126,37.2132584245055,5.9748464215,18.5952458395698,0.00130578686418559,0.11160091525,3.0907125754905,18.8898889954978,0.0141169449973369,1.177427236,1.31766127064499,0.0769202079861545,0.210500058288958,0.0120635684129882
"143","MS71",4.74782674874996,2.48573031800004,1305.26531299998,0.769666808375014,3525.92594474994,928.79051486233,3588.5990627499,70.1168175487505,10.079284809375,18.5480792787504,0.000994798125000079,0.22407743725,2.14922747050014,24.7089017649903,0.01103239225,1.200067271625,0.855124785124998,0.13981236125,0.239166795874885,0.017359889
"144","Mt42",4.61784914887496,4.33078656775004,1449.89083299998,0.880484906875014,3089.05491399994,1021.18558868733,4010.4368776249,84.5634820387505,4.18753887912499,21.7328012287504,0.00205385550000008,0.20604453725,1.36158617775013,25.4053574574903,0.022485577375,1.656615574625,1.132384116625,0.276772675875,0.327289581749886,0.061750603625
"145","N192",4.42212520674996,2.08221643675004,1496.89509399998,0.757523998750014,3698.91913187494,1293.47390124983,3954.4015398749,59.1481264837505,7.04376795475001,19.7623925562504,0.00105565875000008,0.25240143425,1.52835534612514,22.6373470874903,0.01181161575,1.7593459805,1.910919595,0.147466383125,0.224184930249885,0.0139531645
"146","N28Ht",4.22048250649996,3.61514124387504,1457.80489037498,0.743596817000014,3356.24400099994,999.483626424831,3484.3854164999,58.1893099950005,5.599502257,18.9710968012504,0.00122866762500008,0.55228145575,1.28972159287514,29.6696145762403,0.017345393,1.375402607625,1.444735964,0.170694142875,0.243539261499886,0.0771623315
"147","N6",3.72045485662496,2.63839608437504,1443.03218712498,0.677584319875014,2790.16642749994,969.74269486233,3527.8437714999,54.7038293175005,9.36830779325,19.5614125237504,0.000938374125000079,0.102143927375,2.21380709087513,21.9969974112403,0.01610019325,1.357453829875,1.172561483,0.11262880925,0.156388087999886,0.017210456
"148","N7A",3.79600329424996,2.26658683387504,1188.01286812498,0.614682024000014,2973.23943837494,1059.04667712483,3669.9462878749,29.2877887037505,3.59405896575,16.9060618000004,0.000915337750000078,0.379454285125,2.22917878662514,20.3412879149903,0.01202053825,1.452189424875,1.500037369875,0.0543244154999998,0.428992674124885,0.04952004725
"149","NC222",4.21690890162128,2.17165311892545,1247.22159385775,0.93763848926114,4095.60976798374,1385.07191438609,4528.7687432126,105.670289084506,4.82360732725,28.6504246220698,0.00179274511418559,0.35581922625,2.7506314402405,28.8505940954978,0.0150866899973369,1.20357823575,2.121669165895,0.296763679486154,0.306638605538958,0.0203972846629883
"150","NC230",4.54319780399996,3.18839524112504,1344.78796549998,0.853359009000014,3093.64860862494,1127.69615028733,3840.0011179999,55.8067811987505,4.531351253375,24.8923890975004,0.00149121300000008,0.49685445575,1.75386344100014,21.4585631237403,0.01815052925,1.472849854,1.93834378412499,0.15570979175,0.206914203124885,0.018811099375
"151","NC232",3.81703955037496,2.43979193812504,1169.85636858748,0.917350632750014,3086.44509324994,906.64162101233,3223.3058327499,106.13116951625,3.67429220975,13.8424003387504,0.00163353950000008,0.262405446875,1.31907272425014,24.9648712149903,0.013935528625,2.928571862,1.56935215125,0.178023269375,0.439183776874885,0.05622574375
"152","NC236",4.80068986562128,2.80935674767545,1210.71519735775,0.701379455761141,2982.06074673374,1014.75805921109,3810.42838371261,68.1048080720055,3.28259449425,18.2409526420698,0.00396197886418559,0.152606237,1.9327257144905,24.4249690629978,0.0118032077473369,0.96548921325,2.00498066514499,0.119114506486154,0.352572964538958,0.214544887162988
"153","NC238",4.01778327587128,2.03069428267545,1252.58157260775,0.975061363511141,3213.82880048374,960.468980711088,4606.9834849626,55.6656707295056,5.80697425525,19.8556264245698,0.00138318711418559,0.1159071565,2.69992289824051,19.6516931854978,0.00911979874733688,1.35911269475,1.40442209889499,0.126723720986155,0.390140634038958,0.0155699339129883
"154","NC250",4.21211078149996,2.19997851812504,1366.31346812498,0.867705374500014,3255.56647274994,1104.60599842483,3403.7727496249,60.6849388300005,7.73523095625001,16.9821034912504,0.00104980537500008,0.22227477125,1.48157873825014,23.3060516449904,0.014123334875,1.922976615875,1.336181086375,0.1298270335,0.211823827124885,0.012189779875
"155","NC258",4.63178188324996,2.81474756900004,1314.22924824998,0.768863513375014,3185.52752949994,1115.58802307483,3729.6476366249,47.6862464375005,6.124659345625,18.8691543975004,0.00160554112500008,0.20500498925,2.11688953250014,23.3478293737404,0.01480365625,1.47443210975,1.68762675975,0.0831180932499998,0.190779179624885,0.0686133575
"156","NC260",4.59021973887496,3.62336088525004,1371.12830224998,0.785876114625014,3593.82986924994,1150.30368094983,4065.85491574991,63.6202066200005,8.9748341885,26.0824017600004,0.00192482212500008,0.19012862725,1.01719689950014,29.6709446437403,0.0168425465,1.346134605125,1.4877730095,0.180673520125,0.246036409999885,0.103939026125
"157","NC262",4.71751497837128,2.01698850292545,1396.05788385775,0.73971291201114,3165.38235973374,1174.58705963609,3712.8791044626,45.2020463870056,4.651328668,22.9202962095698,0.00159566961418559,0.16668849275,2.7264355624905,23.4406370129978,0.0135555852473369,0.98525546525,1.56098117264499,0.0537214902361545,0.172409494288958,0.131870768162988
"158","NC264",5.33167403574996,3.02984614400004,1391.09682037498,1.15613914862501,3715.92499412494,1235.27870149983,3865.3753186249,89.6413961562505,4.97484995825002,16.8516908425004,0.00265160775000008,0.38932919825,2.39444327450014,22.7117258562403,0.023008374375,2.912829057375,2.707325040875,0.187355581625,0.272749618374885,0.020712062625
"159","NC290A",4.68323160662496,3.63057206737504,1378.50176224998,1.04815594975001,3119.13096524993,1222.94892787483,3715.5197952499,65.7370272462505,4.8347415995,23.1374299087504,0.00132740387500008,0.281466255625,2.76120559862514,24.7485427837403,0.011892676625,1.71242565475,1.26725338887499,0.168492211125,0.215787943624885,0.08332957325
"160","NC294",3.80348940174996,3.52667172062504,1346.71804999998,0.740396424375014,3447.16056049994,1078.57406058733,4108.7717622499,70.0797243287506,5.10063666412501,15.2781114075004,0.0205290533750001,0.1726212915,1.87874997725014,23.9593124024903,0.01149750125,1.73707896575,1.26026101575,0.140692255375,0.153471341624885,0.017423635625
"161","NC296",3.21164299687496,1.86264300637504,1091.31538692498,0.855763566625014,2939.82627599994,1046.58396688733,4121.33640649991,46.2019594087505,6.117893738375,21.7618120950004,0.00136526650000008,0.0731795495,0.637742409000136,24.0859022774904,0.010158210875,1.845440633875,1.500182937125,0.0840299831249998,0.153911100624885,0.010194829625
"162","NC296A",3.07168741562128,1.65533831492545,1192.60566585775,0.69825227826114,3132.54428298374,1102.21423178609,4652.9914742126,53.7119731270056,5.65369099475001,19.7976901920698,0.00156700761418559,0.14090992275,0.852681448990502,19.5665089054978,0.00839136274733688,1.22065886975,2.34382824589499,0.109507386486154,0.164123032538958,0.00802138241298825
"163","NC298",4.25271065087496,2.63623871137504,1169.23917324998,0.624147782125014,3353.30059574994,1304.90987149983,4085.7612131249,56.1863358175005,6.9338893515,20.4329996250004,0.00115109412500008,0.093495022125,1.32967728487513,23.1450374499903,0.012773072125,1.766249817,1.759438319,0.163517813125,0.213689798124886,0.02293402225
"164","NC300",3.40501928762863,2.48137889732462,1343.5514031422,0.579029835238887,2966.43358776613,1149.56734636357,4267.4193217872,94.9935912579956,3.39698285875,23.780592012931,0.00101579063581456,0.3233914325,1.29415738825977,25.4968724669828,0.0133272630026632,2.3554138885,2.755978216105,0.175611364513845,0.0521450282108124,0.0237195593370117
"165","NC302",3.70967265462496,1.98080627050004,974.598325237476,0.546150585875014,2764.28934724994,980.59108732483,3351.0123721249,50.9580950350005,4.99432589975,17.1987806837504,0.000829902875000079,0.0515843008750001,1.40511919125014,15.8144307162403,0.0109919,1.90754336975,0.866983490624999,0.0895386996249997,0.144512477124885,0.01951712725
"166","NC306",4.05779403412496,3.13659364425004,1382.28124687498,0.705521904750014,3625.58861999994,1227.31368062483,5094.2625204999,64.2046829925005,4.682112967125,22.6602275275004,0.00123729037500008,0.29364905425,1.65663865512514,21.6101685137403,0.015277289875,1.525460201875,1.95764551175,0.14710401425,0.301815636749885,0.024862431375
"167","NC310",4.47172503987496,2.46727038237504,1311.90178712498,0.921053474750014,3717.82374487494,1124.37708802483,4147.1076861249,76.3661758212505,8.0942778065,21.4557773175004,0.00124962962500008,0.171115377625,2.03118793287514,25.4411867437403,0.014740755125,2.140818375375,1.8251010845,0.183750100875,0.170067753874885,0.0214065205
"168","NC314",3.90555409712128,3.22324797817545,1021.50057160775,0.932406009011141,3462.66641948374,1094.12455128609,4438.6035514626,47.0864220120055,5.97351389724999,17.4675285020698,0.00182103836418559,0.27315168325,1.0998208977405,28.2245024079978,0.0164489777473369,1.449407199,2.40276904114499,0.0996798342361545,0.261126911788958,0.0169701744129883
"169","NC318",4.69322135387128,4.24788936592545,1619.16587210775,1.11588688351114,3636.91901423374,1221.82842188609,3783.01029071261,145.148031854506,7.91479598874999,19.2859710720699,0.00166019111418559,0.26030926175,2.4861115194905,21.3703102904978,0.0190238442473369,1.2557147675,0.841765502144994,0.426584468986154,0.221637263288958,0.0201693006629883
"170","NC320",3.75293535962128,2.62212396817545,1414.95180685775,0.53756905701114,3594.10161473374,1207.76995663609,3714.6388814626,73.1423718020055,4.293494618,20.3857465070698,0.00141893761418559,0.19311455075,1.9792320554905,20.5357554404978,0.0137867564973369,1.385280351,1.67286977914499,0.140669427486154,0.424166208288958,0.0141597049129882
"171","NC326",3.90398093874996,1.62892800287504,1112.38410937498,0.660878065375014,2907.61676899994,1108.04685062483,4095.0096364999,36.7802428325005,4.708709488,20.0418465437504,0.00122243200000008,0.19356447,1.32337575975014,18.2923273187403,0.01336112125,1.370584412375,1.257750914625,0.0707554338749998,0.175185605374885,0.012038225875
"172","NC328",4.03322834324996,3.39118042362504,1240.49268424998,1.20606022987501,3200.28288924994,1122.14794487483,3584.7227192499,89.3765010387505,4.890276137,20.6845319712504,0.00113150412500008,0.2060640615,1.70487285675014,26.1450141674903,0.00959188650000004,1.67445101825,1.737082215125,0.27532490275,0.132576231874885,0.013520251875
"173","NC33",4.14377475712128,2.80718909342545,1353.49849210775,0.57398669651114,4112.48729998374,1128.41264188609,3922.9945437126,34.2219900745055,7.78396594425,13.5947050120698,0.00423913161418559,0.13490986225,1.8947523427405,26.1342791754978,0.0122076772473369,1.1373141725,1.39508453164499,0.0804935169861545,0.260269965288958,0.0358717711629883
"174","NC336",3.95468870462496,3.28149013400004,1130.06545487498,0.829321153375013,2979.01423449994,1192.92069449983,4178.5103692499,64.3236610437505,5.770172581375,16.7332867487504,0.00113199537500008,0.07862097025,1.09009781562514,16.9420468612403,0.01449342875,1.244184046875,2.20248884775,0.16401055575,0.206108693374885,0.020032864625
"175","NC338",3.65079411587128,2.40655363967545,1072.27300735775,0.692300244011141,3146.30160623374,1100.69224863609,4278.2943064626,48.0545739570055,5.89570098875,17.7220826570698,0.00148183436418559,0.0880461175000001,1.7809929952405,20.1379948679978,0.00904270699733688,1.09011826675,2.10168550139499,0.120905176736154,0.171784575038958,0.0171606984129882
"176","NC340",3.62702735074996,2.08589111800004,1134.36871647498,0.616174967625013,3220.62530637494,1202.15644474983,3962.4176648749,122.991239961251,4.104493366375,19.6775442500004,0.00143951812500008,0.11106117875,1.51012255687514,21.7799755224903,0.01276734575,4.7813451335,2.597722109375,0.196306446625,0.175073303499886,0.01626622975
"177","NC342",3.91933471737496,3.45110143512504,1448.90515937498,0.623380034875014,3337.26766699994,1144.94266912483,3762.1473846249,64.9489701337505,6.261373061,22.5282837562504,0.00134226750000008,0.28289858025,2.55758670412514,23.5144119237403,0.015987278,1.21275584625,1.812492117375,0.20021876325,0.186044776124885,0.0911993228749999
"178","NC344",3.84454997012496,3.16029753450004,1261.99781137498,0.570200960750014,3193.81426887494,1039.31851619983,3808.8138058749,53.3575242612505,5.758446264875,15.4145273737504,0.00120341887500008,0.133505052875,1.76139362787514,20.1439583499903,0.016449536125,2.197771246875,1.513598698125,0.143915922625,0.231548560499885,0.052867362
"179","NC346",3.87383178512496,2.00358183012504,1113.28597449998,0.580317321375014,2850.83919324994,1164.46270862483,4165.2399557499,68.7014709000005,5.74660215975,19.2815189287504,0.00157011762500008,0.0584224665,0.858889324750136,23.2102709474904,0.013881764,2.24800303375,1.59123237525,0.1235353385,0.169112854749885,0.0227279825
"180","NC348",3.69133903262496,2.14263846987504,1137.35379766248,0.615061270750014,3564.13129949994,1337.84721162483,4270.0125186249,44.2364120662505,7.3856996535,23.3689935462504,0.00162973425000008,0.423342390625,0.880326793375136,28.0163412874903,0.01371389975,1.26753983675,1.026769042625,0.0934703156249997,0.211350711499885,0.020475774625
"181","NC352",3.86499459612128,2.31513905892545,1156.68025285775,0.64103588451114,3075.71420448374,1309.31379713609,5511.0961292126,61.8408706970056,4.34422054825,17.0879244145698,0.00119455661418559,0.0558085425000001,1.1177518839905,20.5732120279978,0.0125640267473369,1.02266815825,1.68397314539499,0.103216991736154,0.156075163538958,0.0199763556629882
"182","NC354",3.96969175837128,2.13212118467545,1053.68697510775,0.46026140026114,3229.11057973374,1197.85707188609,4976.2681967126,49.4164774020055,7.05912136,21.7129433695698,0.00130616586418559,0.0795590085,1.2265227044905,22.0097656479978,0.0135235244973369,1.3384375645,2.05154903014499,0.0989580607361545,0.118468706788958,0.0985429369129883
"183","NC356",3.53907619074996,2.21302605950004,1227.47507174998,0.647223362875014,3215.58041574994,1136.60480062483,3845.3584592499,32.5108272962505,6.048698017875,17.8719698112504,0.00134025637500008,0.403434762625,1.64529378125014,24.2385537287403,0.01294419125,2.055895584375,1.3912545335,0.0647552082499998,0.124597452374885,0.02590424475
"184","NC358",4.08873853337496,3.46931940087504,1294.86125412498,1.10358704137501,3332.73002687494,1086.42924424983,3794.55311799991,63.9480180600005,10.574480298625,17.5974436287504,0.00112529437500008,0.132478093,2.87058182962514,18.2225682674903,0.018200430875,1.469249125375,1.1775818845,0.179098900625,0.0957730278748853,0.03764065975
"185","NC360",3.50271787562128,1.94384278767545,1543.42263985775,1.07294366126114,4055.35461898374,1199.51768338609,4229.2869564626,39.5397192620056,5.69626820175,26.2207669120698,0.00124197436418559,0.101555514,2.5346367382405,23.8077931804978,0.00890646149733689,0.865410262,1.70353273289499,0.0828454657361545,0.174278520038958,0.232170170412988
"186","NC362",4.91580251049996,5.01914298275004,1216.00463169998,1.11579253300001,2950.05441812494,1223.15250812483,3932.7272421249,55.1228942175005,4.263846781125,23.7898902050004,0.00142193337500008,0.176045835375,1.83748112262514,22.1593607137403,0.021149523875,1.790386429375,1.12104859325,0.201142232625,0.199506624624885,0.089734751125
"187","NC364",4.86046631812128,3.79776501692545,1148.64087385775,1.52330027001114,3782.88346673374,1224.90511488609,4799.8675324626,81.3970176320056,3.7299837035,20.1659342395698,0.0018525161141856,0.14176317225,2.9554222572405,23.7494849579978,0.00799491699733688,0.9716788895,1.78855737764499,0.337992922986154,0.250939537538958,0.0704770219129883
"188","NC366",3.73966892199996,2.33144365012504,1351.38201112498,0.725816355500014,3060.43367262494,1219.91647012483,4033.5626962499,43.5779254737505,4.79322934775,19.4330025937504,0.00102647437500008,0.243380403125,1.78321011612514,29.3965532499903,0.01037555075,1.142575779375,1.4816841395,0.14797197275,0.190571407374885,0.0968619877499999
"189","NC368",3.49691750837128,1.53891194342545,1215.07812810775,0.74640032876114,3643.64788973374,1014.98908586109,3506.7604629626,49.5093055820056,5.57539659375,17.5436384845698,0.00114372561418559,0.18245705,1.9706194187405,18.7202596204978,0.00958911074733688,0.972616691,0.894219819644995,0.0821644792361545,0.283000547288958,0.0113092459129883
"190","ND246",3.76758348787128,3.61990990117545,1652.09904635775,1.03490914626114,4725.50043448374,1594.75620413609,4634.35267021261,72.1895481870056,12.0777591575,28.5853126995698,0.00270406761418559,0.12089980275,2.6464874919905,29.4297069379978,0.0149100352473369,1.81038228175,0.752489616394994,0.172459055986154,0.618371460288959,0.0184342531629883
"191","Oh40B",5.05530286149996,2.22290870325004,1380.20835437498,1.00527945762501,3899.90921712493,1352.20939724983,4988.2377569999,38.7475195925005,6.10149164225001,22.4066952512504,0.00207756062500008,0.1483756425,3.85680737700013,28.5352872624903,0.012488317125,1.51334370925,2.255469073125,0.0984059656249997,0.521262243874886,0.138789701125
"192","Oh43",4.63470588671854,4.17326219719044,1350.99805295563,0.791094814325926,2775.03289679576,1088.74229101251,3684.80319135246,45.5767344354798,5.82444766816745,19.3831762366643,0.00142946780955698,0.316879858220919,1.88906969708803,22.6528835227594,0.0131983016254293,1.67864542693708,1.97293299154131,0.12490261484196,0.358826875964138,0.0320037518400312
"193","Oh43E",3.83531128262128,1.85227454042545,1615.28912535775,0.61513034801114,2858.62362023374,1162.57976413609,3691.8063999626,81.1132605195056,8.07429792574999,20.2402840270698,0.00156952186418559,0.386761202750001,1.2042560022405,16.8213165454978,0.0142753029973369,1.18873674175,1.02451484339499,0.159753699486155,0.365277470038958,0.0265782851629882
"194","Oh603",4.18459508812496,3.51956418075004,1388.21245762498,0.727124137500014,3073.52569362494,976.83140136233,3165.0818409999,46.8567394637505,5.10128543974999,19.0393181862504,0.00110908400000008,0.321617522250001,2.66897135337514,22.5161136312403,0.014167802875,1.901112407375,1.70311163175,0.130846559875,0.293255701249886,0.014972163375
"195","Oh7B",3.98950543724996,3.33762500237504,1451.99462324998,0.925866631625014,3859.84465387494,1200.84649387483,4139.2989611249,69.7055772637505,7.59667956137499,15.5881382462504,0.00120382975000008,0.590734464625001,1.61553787650014,17.9993116174903,0.00826025350000003,1.87237370775,1.925494236875,0.166161306625,0.266183420874886,0.01456844
"196","Os420",4.79680922137496,3.36911392775004,1583.79670087498,0.729722218500014,3874.71922924993,1118.92881171233,4075.8077877499,71.4054165500006,8.82260161137501,25.0007360825004,0.00115587937500008,0.371148735625,1.88178342475014,28.5325653587403,0.014072220375,1.227830936,1.275954882125,0.170976521,0.434494728249885,0.023781096
"197","P39",4.65231686462128,4.38202929592545,1484.43506735775,0.76148132951114,3492.65495423374,1145.77173488609,4770.5926667126,69.9895761845055,6.99732546425,22.6715090070699,0.00199555386418559,0.2755946955,2.0689431009905,28.1031568854978,0.0254592699973369,1.24697144675,1.76082039289499,0.238496125736154,0.279155101788958,0.136276037662988
"198","Pa762",4.41338839612496,4.48893594112504,1510.22995074998,0.822538622250014,3125.69334037494,1233.59942362483,3889.7812431249,106.664257318751,7.82088484537499,17.9579126550004,0.00169873000000008,0.553866952125,4.16281382475014,25.4731786249903,0.019342668875,1.68342102325,1.809364383,0.239585347875,0.336657018874886,0.021771784875
"199","Pa875",4.91742360787496,3.32100712350004,1364.96468612498,0.845144440500014,3425.13707349994,1309.96539024983,4193.4509867499,48.9081938712506,6.46379501775,25.3205501275004,0.00137333375000008,0.175930155625,0.933502730000137,26.2751734837403,0.014087787375,1.95194664575,1.46961618975,0.133891550375,0.309324906249886,0.026774426625
"200","Pa880",3.85991985387496,4.44282925700004,1477.07484649998,0.877280096125014,3926.40808762493,1163.50384824983,4172.3747466249,65.9361599500005,7.486456115125,28.7897428337505,0.00376500725000008,0.4545540555,1.13761146212514,26.4612555024903,0.018742033375,1.382004545375,1.238324659875,0.235291882625,0.341201600999886,0.03005855875
"201","Pa91",4.01224490662496,3.10802398787504,1745.75084037498,0.683672802250014,3795.04511612493,1460.83291787483,4056.1473744999,134.194015321251,8.51261756299999,23.9525579850004,0.00278211537500008,0.213113891625,3.24614371275013,33.6294876249903,0.016183942125,3.142422702,2.85610319675,0.279239527375,0.342772815249885,0.030230588625
"202","R109B",3.87504545942128,2.17446735202545,1201.82339775775,0.63415890381114,3062.34958438374,1101.89183008609,3881.4299085126,86.5482551570056,3.6018406216,29.8754512085698,0.00146327581418559,0.1939110168,2.0726348175405,23.7347249569978,0.0107267548973369,1.2813545028,0.957004673094994,0.203902042286154,0.215415354138958,0.0596221682129882
"203","R168",6.31900155312128,4.30303448317545,1467.92907235775,1.05201756651114,4280.23768073374,1117.89993163609,4354.64308396261,86.9274526445056,6.27725299425,29.1018590745698,0.00218211236418559,0.669047358500001,3.3935301217405,35.5429609179978,0.0248987919973369,1.24366430175,1.32655373039499,0.289404332486155,0.329346416038959,0.0262525971629883
"204","R177",3.80427452737496,3.15103223012504,1361.34800487498,0.544773652625014,4136.18526137494,1250.21942549983,4651.4938534999,63.7355201300005,7.74822851224999,24.6568866462504,0.00110096487500008,0.418646184375,3.50945068525013,27.6967417712403,0.012598309125,1.44203651125,2.037144706375,0.11077801225,0.340826109749886,0.022655324875
"205","R229",3.89235876974996,2.61256725675004,1349.64691999998,1.00719554387501,3296.93464224994,1210.66498762483,4017.0504092499,35.7994928450005,5.6524227305,24.5144929825004,0.000870617750000079,0.266207946875,1.13472935337514,26.4554981262403,0.0117511575,1.114738735375,1.936466348375,0.0896304443749997,0.199307054249885,0.01599347775
"206","R4",4.55398896037496,2.10917611975004,1216.82122524998,0.508335944000014,3093.18704949994,1071.45808586233,3517.9558224999,35.9450767337505,3.808901899625,13.7580862437504,0.00078522812500008,0.1816570755,0.749736226125136,21.8050095387403,0.01167913725,1.98307292575,1.90307197625,0.0969061996249997,0.140841727124885,0.01643112325
"207","SA24",4.07656133487128,2.62229899442545,1227.30395835775,0.60698031576114,3191.41601123374,1105.76455738609,3630.1715244626,88.4792247370056,6.2659739095,21.0075751345698,0.00153499211418559,0.1680375485,1.9322465352405,28.1747687854978,0.0150750677473369,2.64501921025,1.02645590064499,0.190649790986154,0.481854917288958,0.0176111521629882
"208","SC213R",4.53848524974996,4.10549805612504,1312.44764637498,1.08669094237501,3611.20239724994,1204.20182199983,4278.4705218749,56.9847723625005,7.548758340875,18.0372327887504,0.00111757150000008,0.2900181175,2.19527034900014,22.6139462674903,0.015413654,1.183300358625,1.10141573975,0.1596616785,0.296460175499885,0.0410862295
"209","SC55",4.49710662562128,1.91605657967545,1367.68602285775,0.74993262401114,3346.87308273374,1177.85380838609,4190.25063321261,55.6679795570056,5.88560463725,18.7823349045698,0.00115243486418559,0.21748662875,1.1987877732405,24.3965488079978,0.0147644722473369,1.0758084785,2.57004512064499,0.107861797736154,0.297744879788958,0.0228494599129882
"210","SD40",4.42994959574996,2.44338334512504,1270.74664374998,0.626114558500014,3050.56884962494,1033.70016968733,3489.0304384999,61.1919620687505,6.03513076337501,22.8190953975004,0.00132543000000008,0.357173908,1.13506546075014,20.5081530299903,0.012927813,1.371479828125,0.978519838999998,0.18364245425,0.220887366624885,0.016444073375
"211","SD44",3.99144250724996,2.23047683550004,1353.71124474998,0.785107269750014,3469.07035499994,1039.76184068733,3227.4692811249,42.1071359875005,6.836370406375,19.6629876137504,0.00107037762500008,0.186658599625,0.679876748500137,21.1241298837403,0.0136429865,1.47473065175,1.03644795375,0.0823479248749998,0.224732411999885,0.018798723875
"212","Sg1533",4.71794479974996,3.15377753537504,1649.95131987498,1.08081879550001,3828.97636037494,1084.66320774983,3238.2912898749,92.1464458925005,16.39281283,23.0604425875004,0.00211652837500008,0.200698464,2.13368718062514,34.1585291062403,0.0189952515,1.365604003625,1.041571864,0.2244903865,0.252403395124886,0.0486338897500001
"213","Sg18",6.00935610437128,7.50814268817545,1548.00465335775,1.10585734401114,3776.37746248374,1065.07682731109,3236.0034327126,85.6140902695056,10.09791863025,22.9219736245698,0.00230556086418559,0.26174401825,2.4595469612405,34.9671083129978,0.0272336859973369,1.804534276,1.72383663614499,0.241761775736154,0.370851840538958,0.0626403969129883
"214","T232",3.67754563249996,2.57269993950004,1319.98573637498,0.661290743000014,3301.30719024994,1123.39332837483,3174.3805677499,97.5772737100005,9.05149786325001,19.9753730487504,0.000956024000000079,0.330939723625,1.99930105812514,25.3554368162403,0.012119865,0.918480910875,1.094268992,0.199852322125,0.140153469749886,0.308116272625
"215","T234",5.60144072137496,5.22539800312504,1514.25815687498,1.08009423712501,3441.04508337494,1394.37836774983,4309.4125114999,102.1106617375,7.0465024195,19.2762130937504,0.00169453225000008,0.191977752375,1.74419933875014,25.1445847774903,0.025697394125,1.712577056875,1.527507365375,0.238525668125,0.290628315874886,0.028443833375
"216","T8",4.36934643299995,1.45808637800004,1610.51084787498,0.638138236125014,3664.56606187493,1135.01153634983,3535.3587596249,47.6829980050005,5.752423801375,19.5326671175004,0.00146197662500008,0.19773320675,2.61256877025014,28.7949380874903,0.013821824625,1.946025403375,1.544394114375,0.138808498375,0.286148061499885,0.019795853875
"217","Tx303",4.18150496237496,2.91133363512504,1291.09863712498,0.850703511000014,3012.00638599994,1082.86918224983,3809.9426082499,69.4844291487505,5.37209878525,13.3334559812504,0.00797857312500008,0.2697463295,3.13568756262514,26.4818558099903,0.013475494875,2.72164907075,2.316837766375,0.140971679,0.235262972874885,0.019797499
"218","Tx601",3.57969366362128,2.20894929242545,1183.79638635775,0.91692142476114,3076.50678023374,1071.15226088609,4783.7983187126,53.9749525795055,3.02701799275,20.6534374670698,0.00135118286418559,0.10391858525,0.918055414490501,20.4959569129979,0.0173876579973369,1.130896222,2.41120225314499,0.113228188236155,0.193687024288958,0.0177494694129883
"219","Tzi11",3.97080853487128,2.69804958342545,1151.74726910775,0.72892713876114,3484.85594148374,925.048548186088,4245.4751822126,65.6811949770055,4.47985025875,18.7637806920698,0.00127841011418559,0.12037602175,2.6206073659905,21.5386082679978,0.0159672229973369,1.17372247925,1.45555891439499,0.178566431986154,0.423972971038958,0.0689598844129883
"220","Tzi16",4.37812733724996,2.68047090950004,1469.05948212498,0.813215237625014,3636.49511737494,1227.31092512483,3920.6065291249,52.1509652712505,6.03853192512499,21.5039706837504,0.000844123125000079,0.131731517125,1.25587173962514,30.2502697762403,0.010742683875,1.328138843125,1.94840228475,0.134845119375,0.107965165499885,0.0484749101250001
"221","Tzi25",5.18195003127348,4.42559935904858,1598.50198107712,1.63767019773905,3501.28114369219,1280.95403016371,4101.55113150512,72.2678253066019,8.71957611904422,21.5020881294342,0.00304529631160122,0.395703044998581,2.4576927789903,25.324855409394,0.0237271686547241,2.77731686689127,2.24958854657076,0.199066200704318,0.530647127316542,0.0231828735239447
"222","Tzi8",4.33150002399996,2.95788275925004,1477.39078149998,0.617887095000014,3616.05633812494,1066.11775691233,4167.6528887499,60.9540189750005,5.42717686575,17.2712683150004,0.00117254137500008,0.198816307375,1.91999882937514,30.1439090087403,0.015849096,1.76312585,1.727728069,0.162499161875,0.245383463124885,0.02529691225
"223","Tzi9",4.17964208212128,2.50213720717545,1491.07351085775,1.35433191126114,3613.10038998374,1151.35253338609,3685.0312382126,60.5451901545055,5.159081899,15.3128944120698,0.00180708036418559,0.1673817195,1.8065463762405,25.6850487154978,0.0163943612473369,1.29995710775,0.627632214144992,0.147137359236155,0.364617273288958,0.0294280706629882
"224","VA102",4.23059776812496,2.38570561825004,1667.06825087498,0.857207725000014,3367.06004237494,1200.15623299983,3403.4131523749,54.8865032475005,5.08391142225,21.9486867212504,0.00163457575000008,0.539435581625,2.98872239775014,22.2555060887403,0.0159097085,1.818395493125,1.466140433875,0.101696549,0.323924983999885,0.03097902275
"225","Va14",3.90641066187496,3.13618556400004,1659.70502474998,1.17059133562501,3888.55214712494,1249.73295949983,4111.3978403749,83.8681810450005,8.339295688375,27.4236991437504,0.00615846362500008,0.18311520025,1.20083718512514,26.8315229887404,0.0129062875,1.041410754875,1.029117987875,0.187256275375,0.250797570874886,0.027013644625
"226","Va17",4.45028012999995,3.73658609712504,1508.51157137498,0.752813595375013,3940.76197637494,1287.57752674983,4210.2382277499,54.4129215400005,7.838244288875,27.0470031450004,0.00110185250000008,0.209262693625,1.89377992512514,27.3054456224903,0.013986589875,1.224513145375,0.995378509874996,0.1666902525,0.316286302249885,0.018667489
"227","Va22",4.47420723362495,2.89054974562504,1560.94469437498,0.781720894125014,3958.10628599993,1327.69628187483,3931.8491318749,51.5470137900005,9.33815494050001,23.2270522350004,0.00112059137500008,0.215380301375,4.05362711100014,28.3866526174903,0.013987512,1.64728935825,1.3903966925,0.0803409946249998,0.334466248499885,0.01338372725
"228","Va26",3.67013717474996,1.72082549762504,1346.35490749998,0.636628192250014,3340.87998362494,1152.82207574983,4363.9463157499,38.6749976625005,4.27632826725,23.1981507987504,0.00119220225000008,0.225731647375,1.27553241875014,22.4693396474903,0.0134075575,2.432001704625,2.157154566375,0.0723889878749998,0.352385398249886,0.016417558
"229","Va35",4.73602728212496,1.67705947925004,1500.15552412498,0.722855600375014,3554.17340474994,1188.83552537483,3945.6256406249,58.0676706537505,5.36862905987501,16.9442481937504,0.00117412212500008,0.140876375875,2.74647951875014,26.0819255174903,0.0133310065,2.37592065775,2.392338413125,0.152803501625,0.376895628624885,0.014425963625
"230","Va59",4.85585777899996,3.88505018812504,1436.11415001248,0.559089580000014,3610.60608137494,1050.68058504983,3941.1575323749,55.1109185525005,4.98634555325,25.6651890637504,0.00161328712500008,0.264094455625,3.18414321525014,25.8316624737403,0.019462664875,2.237273136375,1.879867179125,0.110244630125,0.328748613624886,0.036956386875
"231","Va85",4.05497370487128,3.21211913917545,1304.43154385775,0.64719744826114,3317.07423798374,1135.19884463609,3782.9522042126,62.8830015295056,5.30759574775,24.6207969470698,0.00149384061418559,0.19758726325,1.5563775942405,25.3532949204978,0.0123002297473369,1.03053155625,1.377846842645,0.168793995986155,0.416281873038958,0.0241820719129882
"232","Va99",3.90976628937496,3.89472329187504,1338.26756042498,0.957765407875014,3079.88349258744,1102.66737167483,3350.9774513749,103.33307196625,5.416650142625,13.1326134236254,0.00121339212500008,0.08251826475,2.70488616125014,19.1133678387403,0.01163656975,2.0473875535,1.715878084375,0.206230302875,0.414533636749885,0.017387084125
"233","W117Ht",3.11281260587128,1.62945042117545,1241.48676618275,0.53952006201114,3002.09140048374,871.880080086089,2902.8521329626,36.8396486095055,6.5500513365,27.2573811920698,0.00181774761418559,0.37664187475,2.4533283324905,28.0815105929978,0.0130664574973369,0.9850717885,0.610823090644993,0.0719766659861545,0.147438406038958,0.0263195366629882
"234","W153R",3.67020136312128,1.69459861542545,1615.06945585775,0.43239243226114,3923.18200998374,1361.34310363609,4162.3432819626,67.1055578545055,6.81732833725,32.4101828495698,0.00125115586418559,0.3059567215,2.5600170789905,35.0103237729978,0.0117626244973369,1.135317009,1.571521283395,0.127468665986155,0.306571405288958,0.0133403166629883
"235","W182B",4.12238323749996,3.40794315237504,1375.88260599998,1.13349414612501,3642.66439987494,1105.28708513733,4089.0411581249,57.6658501087505,6.507815292375,23.6896847125004,0.00206206537500008,0.546798308000001,3.83348525325014,29.1598018662403,0.016755158875,1.283719263375,0.806208712499998,0.10448467225,0.216248791374885,0.022692061625
"236","W22",4.60790944762128,3.00992141667545,1337.22475985776,0.75287083576114,3105.30794673374,1082.21917696109,3639.8142402126,41.2011508745056,5.61055954649999,22.2995169970698,0.00183905636418559,0.51413055725,2.8198726262405,23.1113480929978,0.0155112529973369,1.61433378,0.915608103894993,0.101824263736155,0.297200883538959,0.0235980046629883
"237","W64A",3.19170837037128,4.60555223067545,1387.71412985775,0.73987061626114,3373.45131073374,1146.13924688609,4404.5307192126,60.2799962995055,8.86854759274999,23.0733107570698,0.00133607786418559,0.733106031500001,3.7444267689905,28.4174871379978,0.0153803372473369,0.9832348345,1.68105982789499,0.150440969986155,0.219237996288958,0.0201757879129883
"238","WD",4.33332766012128,2.89956245717545,1538.88129710775,0.99935453226114,3944.64847148374,1133.66887013609,4000.7660964626,55.3354634695055,6.1874055985,20.9994932820698,0.00164772836418559,0.48813974775,3.9243993434905,28.0825407254978,0.0171799644973369,1.017799072,1.73690047564499,0.118633939986155,0.162473409288958,0.0180755801629882
"239","Wf9",4.56966054062128,2.21958149892545,1323.33112610775,0.99060244451114,3291.30880098374,1270.37688938609,4221.3536732126,40.7508181945056,6.41483879625,24.9639687545698,0.00164506086418559,0.50813294125,1.7772873344905,22.9592289029978,0.0154221577473369,1.39923686575,1.85801920839499,0.0714327767361545,0.151526143538958,0.0270818834129883
"240","Yu796_NS",3.35193955212128,1.30723441167545,1218.21645660775,0.44791678551114,3474.34085673374,1033.68404081109,3142.0354557126,51.0827700495056,6.16313601725,17.9533078620698,0.00135268161418559,0.140322694,1.74677636874051,24.4949421204978,0.0141330612473369,1.02127422,1.31081518264499,0.0827130182361545,0.273828539538958,0.0161759616629883
