PlotID,Trt,DW,CHL,LA,FW,N,P,K,Mg,Ca,S,Na,Fe,Mn,B,Cu,Zn
3001,LN,4.14,218.4,768.1,17.6,1.76,0.34,2.35,0.17,0.52,0.13,0.003,61,58,18,7,22
3003,LN,4.32,237.3,832.0,16.15,1.58,0.42,2.16,0.2,0.32,0.18,0.001,54,53,14,5,13
3005,LN,5.26,199.4,953.7,20.65,1.92,0.38,2.5,0.17,0.44,0.17,0.001,82,43,17,15,33
3007,LN,6.02,211.3,1239.4,25.7,1.58,0.29,2.39,0.18,0.33,0.16,0.001,53,30,10,5,13
3009,LN,4.67,312.0,932.7,20.35,1.9,0.34,2.88,0.14,0.39,0.14,0.002,92,54,12,7,14
3011,LN,10.72,482.4,1412.6,34.10000001,2.99,0.45,2.03,0.14,0.44,0.32,0.002,129,82,16,15,27
3013,LN,6.26,332.3,979.7,19.7,2.21,0.28,2.32,0.09,0.34,0.17,0.001,97,41,11,8,12
3015,LN,3.85,351.1,672.1,13.35,2.22,0.61,2.41,0.3,0.51,0.23,0.001,76,48,18,10,38
3017,LN,5.52,201.6,971.6,20.6,1.37,0.47,2.34,0.13,0.41,0.17,0.001,60,37,23,6,13
3019,LN,5.92,444.8,964.6,20.1,2.52,0.41,2.13,0.29,0.77,0.21,0.002,89,151,24,11,53
3021,LN,3.42,302.5,623.9,11.65,1.84,0.46,1.6,0.18,0.4,0.22,0.0023,77,33,17,8,15
3023,LN,7.82,237.8,1294.2,27.55,1.42,0.29,2.05,0.28,0.51,0.15,0.003,62,70,15,8,27
3025,LN,6.54,235.4,1304.1,24.55,1.48,0.25,2.05,0.15,0.39,0.11,0.002,58,51,19,7,16
3027,LN,7.25,324.7,1150.8,28.7,1.99,0.42,2.24,0.19,0.34,0.14,0.002,67,53,12,7,18
3029,LN,7.32,314.2,1184.0,29.85,1.66,0.32,2.36,0.13,0.33,0.12,0.002,60,39,12,5,15
3031,LN,4.27,315.8,799.2,15.75,1.87,0.32,1.83,0.25,0.39,0.17,0.002,66,21,14,7,16
3033,LN,6.83,253.4,1214.5,27.95,1.5,0.26,2.65,0.16,0.33,0.14,0.002,67,28,12,7,13
3035,LN,5.08,226.6,1065.7,21.25,1.55,0.27,2.65,0.12,0.32,0.13,0.002,68,27,14,7,22
3037,LN,5.63,312.5,959.7,19.1,1.93,0.31,1.86,0.17,0.43,0.16,0.001,65,72,17,8,12
3039,LN,8.69,269.2,1559.4,32.55,1.49,0.26,2.07,0.15,0.42,0.11,0.002,60,45,15,5,13
3041,LN,4.55,223.1,1044.7,18.3,1.57,0.41,2.24,0.14,0.27,0.13,0.001,60,36,14,5,14
3043,LN,6.63,198.6,1207.3,25,1.7,0.35,2.21,0.1,0.29,0.12,0.001,61,38,34,6,16
3045,LN,3.07,290.2,550.3,10.85,2.09,0.39,2.15,0.17,0.35,0.14,0.002,83,43,12,5,12
3047,LN,6.59,278.2,1183.1,29.4,1.97,0.32,3.32,0.23,0.36,0.15,0.001,79,56,16,6,17
3049,LN,6.99,198.2,1310.3,32.19999999,1.41,0.27,2.58,0.19,0.36,0.12,0.001,62,67,11,4,18
3051,LN,9.32,303.6,1717.2,34.74999999,1.65,0.26,2.33,0.13,0.37,0.12,0.001,64,53,17,5,16
3053,LN,7.85,225.3,1397.9,35.49999999,1.45,0.26,2.87,0.12,0.28,0.12,0.001,58,41,15,5,15
3055,LN,7.91,230.6,1538.1,32.49999999,1.44,0.29,2.18,0.145,0.38,0.11,0.001,58,49,16,5,14
3057,LN,7.18,160.2,1231.6,31.25000001,1.1,0.24,2.38,0.1,0.39,0.10,0.001,54,48,7,4,16
3059,LN,7.74,309.7,1203.8,33.15,1.79,0.33,2.89,0.16,0.31,0.16,0.001,66,39,13,7,22
3061,LN,9.52,210.4,1500.9,43.44999999,1.31,0.28,2.83,0.19,0.49,0.10,0.002,56,48,10,6,20
3063,LN,6.01,194.2,1285.7,28.9,1.48,0.35,3.06,0.17,0.34,0.10,0.001,54,29,9,4,11
3067,LN,9.37,231.9,1633.4,41.15000001,1.92,0.42,2.59,0.11,0.48,0.24,0.001,104,55,14,7,16
3069,LN,7.09,244.2,1297.5,31.35,1.52,0.3,2.63,0.19,0.35,0.12,0.001,62,43,10,6,24
3071,LN,6.63,263.6,1312.1,30,1.66,0.33,2.77,0.16,0.49,0.14,0.001,64,60,12,6,18
3073,LN,7.49,176.4,1370.7,28.1,1.19,0.32,2.57,0.1,0.34,0.11,0.001,49,28,11,4,12
3075,LN,3.6,351.4,634.7,13.2,1.8,0.3,2.33,0.13,0.33,0.13,0.001,72,64,17,5,20
3077,LN,6.42,282.5,1033.0,23.55,1.71,0.24,2.32,0.12,0.26,0.12,0.001,56,38,14,4,16
3079,LN,5.27,203.1,969.3,22.8,1.73,0.32,2.79,0.14,0.4,0.15,0.001,72,49,11,6,17
3081,LN,5.67,198.5,1256.8,25.4,1.57,0.26,2.76,0.17,0.33,0.12,0.001,51,36,10,5,17
3083,LN,5.09,421.1,829.3,19.85,2.26,0.61,2.6,0.13,0.25,0.17,0.001,85,48,22,9,28
3085,LN,4.34,213.7,986.6,17.8,1.66,0.34,2.4,0.14,0.26,0.12,0.001,67,62,13,6,18
3087,LN,7.52,242.8,1410.8,33.80000001,1.4,0.36,3.11,0.17,0.37,0.11,0.001,56,33,16,5,16
3089,LN,6.52,230.6,1236.4,27.25,1.47,0.29,2.05,0.17,0.53,0.13,0.001,56,53,15,6,13
3091,LN,7.85,344.3,1404.8,31.10000001,2.05,0.44,2.03,0.3,0.59,0.18,0.001,83,38,21,9,19
3093,LN,8.72,346.3,1385.1,33.99999999,2.47,0.41,2.69,0.11,0.37,0.36,0.001,138,64,15,8,26
3095,LN,9.12,299.2,1607.1,37.55000001,1.81,0.24,2.79,0.13,0.32,0.15,0.001,74,29,13,8,12
3101,LN,4.44,204.7,757.8,15.15,1.36,0.21,1.76,0.13,0.27,0.11,0.001,43,38,10,3,13
3103,LN,3.57,287.1,775.2,14.5,1.94,0.3,2.25,0.09,0.3,0.12,0.001,49,57,25,4,16
3105,LN,7.63,290.1,1416.8,30,1.53,0.25,1.91,0.13,0.35,0.1,0.001,53,53,13,5,15
3107,LN,5.59,292.4,1094.4,23.4,1.68,0.26,2.98,0.1,0.23,0.11,0.001,66,49,15,8,18
3109,LN,5.21,207.5,968.8,17.8,1.31,0.23,1.9,0.1,0.24,0.1,0.002,44,34,12,4,14
3111,LN,3.18,363.9,544.0,11.7,2.21,0.32,1.74,0.11,0.27,0.17,0.002,77,12,18,7,16
3113,LN,7.78,324.7,1206.7,29.15,1.79,0.32,2.41,0.1,0.33,0.14,0.003,55,51,10,6,19
3115,LN,6.44,274.2,1133.2,22.5,1.6,0.24,1.68,0.17,0.42,0.12,0.001,67,73,10,5,15
3117,LN,8.93,271.2,1575.7,36.84999999,1.57,0.27,2.13,0.1,0.26,0.12,0.001,53,43,15,4,25
3119,LN,4.65,513.0,693.3,19,2.91,0.45,2.48,0.11,0.32,0.18,0.001,80,75,13,11,38
3121,LN,4.04,292.8,682.1,14.55,2.32,0.28,1.77,0.13,0.35,0.18,0.001,87,11,13,7,20
3123,LN,6.52,460.8,1047.8,23.05,2.53,0.51,2.17,0.06,0.27,0.17,0.002,85,52,15,9,15
3125,LN,2.85,248.3,670.0,11.8,1.66,0.26,1.83,0.15,0.21,0.13,0.003,55,18,15,5,19
3127,LN,5.55,416.9,1017.3,19.35,1.84,0.29,1.6,0.22,0.52,0.16,0.002,71,47,25,7,19
3129,LN,7.56,287.5,1266.6,27.7,1.6,0.26,2.25,0.09,0.33,0.13,0.002,61,72,17,7,17
3131,LN,5.67,320.6,901.5,19.95,1.77,0.32,1.64,0.21,0.43,0.15,0.001,57,51,24,6,18
3133,LN,5.62,348.5,1035.9,24,2.06,0.37,2.17,0.08,0.28,0.14,0.001,70,47,14,6,19
3135,LN,6.88,251.8,1131.7,23.5,1.63,0.21,1.42,0.15,0.42,0.14,0.003,57,51,10,6,12
3137,LN,3.31,387.4,537.9,10.15,1.78,0.23,1.85,0.12,0.33,0.14,0.002,56,65,16,5,18
3139,LN,5.67,374.9,858.8,18.75,2.21,0.34,1.82,0.15,0.38,0.15,0.001,76,89,29,7,30
3141,LN,9.72,287.0,1750.1,36.99999999,1.88,0.23,2.03,0.11,0.35,0.11,0.001,58,49,14,5,13
3143,LN,3.71,269.4,722.1,13.2,1.77,0.26,1.79,0.16,0.35,0.13,0.001,62,65,27,6,18
3145,LN,5.12,312.7,1030.7,20.9,2.14,0.26,2.57,0.19,0.41,0.15,0.002,67,59,16,8,18
3147,LN,8.05,303.8,1341.8,27.15,1.89,0.25,2.33,0.16,0.47,0.14,0.001,61,69,15,7,13
3149,LN,8.97,196.2,1680.6,39.95000001,2.41,0.4,2.66,0.14,0.25,0.12,0.001,60,40,15,6,14
3151,LN,6.72,274.7,1246.7,28.35,1.88,0.37,2.65,0.1,0.27,0.14,0.001,55,18,17,6,12
3153,LN,5.65,204.9,1232.1,28.1,1.62,0.3,2.36,0.23,0.46,0.11,0.001,69,41,17,7,13
3155,LN,8.35,260.5,1547.0,37.65,1.94,0.29,2.47,0.1,0.43,0.18,0.001,90,46,11,6,14
3157,LN,8.73,310.7,1500.2,37.85000001,1.84,0.24,1.95,0.18,0.32,0.13,0.001,64,41,12,6,12
3159,LN,8.32,264.6,1356.6,35.19999999,1.75,0.25,2.27,0.21,0.53,0.12,0.001,67,46,10,5,12
3161,LN,8.62,247.9,1380.1,36.24999999,1.59,0.26,2.11,0.14,0.245,0.12,0.001,54,58,12,5,14
3163,LN,10.27,220.5,1735.3,45.75,1.56,0.47,3.25,0.1,0.25,0.13,0.001,53,60,10,6,18
3165,LN,6.78,252.1,1268.8,26.5,1.69,0.24,2.31,0.15,0.46,0.12,0.001,59,66,19,5,16
3167,LN,9.46,334.0,1560.2,32.64999999,1.98,0.25,2.02,0.18,0.49,0.12,0.001,70,66,20,6,17
3169,LN,8.77,212.6,1600.7,40.55000001,1.26,0.5,2.46,0.16,0.32,0.12,0.001,64,43,8,6,13
3171,LN,8.36,263.2,1641.5,36.80000001,1.98,0.31,3.4,0.11,0.33,0.12,0.001,70,49,11,4,14
3173,LN,5.71,155.5,1128.1,26.4,1.27,0.38,3.36,0.12,0.2,0.08,0.001,41,43,4,4,15
3175,LN,8.37,263.3,1599.7,35.79999999,1.86,0.28,2.46,0.13,0.26,0.14,0.001,63,33,9,5,13
3177,LN,7.52,219.5,1526.7,34.14999999,1.44,0.17,2.25,0.16,0.21,0.11,0.001,59,34,8,5,10
3179,LN,7.58,244.8,1469.2,30,1.81,0.25,2.39,0.14,0.28,0.13,0.001,59,40,10,5,16
3181,LN,5.52,262.5,1080.1,21.55,1.81,0.41,2.22,0.14,0.3,0.12,0.001,76,49,21,5,17
3183,LN,9.87,325.2,1618.6,40.35,1.93,0.34,2.84,0.09,0.28,0.15,0.001,66,58,13,6,19
3185,LN,6.75,240.9,1249.0,26.75,1.8,0.3,2.86,0.1,0.23,0.12,0.001,56,33,13,10,14
3187,LN,9.33,357.8,1701.5,35.34999999,2.92,0.35,2.55,0.23,0.64,0.19,0.005,93,63,20,10,31
3189,LN,7.23,219.5,1347.9,31.25000001,1.5,0.21,2.69,0.14,0.38,0.17,0.001,60,44,9,5,16
3191,LN,7.42,299.8,1240.9,30.15,1.72,0.29,2.92,0.18,0.54,0.14,0.001,58,50,8,6,25
3193,LN,7.45,187.2,1331.7,32.60000001,1.38,0.18,2.6,0.14,0.33,0.1,0.001,45,44,8,4,10
3195,LN,7.53,366.7,1344.3,35.34999999,2.17,0.35,2.65,0.13,0.34,0.18,0.001,76,42,10,7,16
3201,LN,6.94,313.4,1097.7,28.3,2.3,0.3,2.31,0.11,0.36,0.14,0.001,94,46,22,8,19
3203,LN,7.26,328.4,1104.5,27,2.26,0.32,2.56,0.1,0.45,0.14,0.001,81,52,13,8,13
3205,LN,5.82,265.7,1064.4,24.45,1.97,0.32,2.18,0.14,0.34,0.14,0.001,69,48,17,6,14
3207,LN,5.45,322.0,882.4,20.1,2,0.4,2.16,0.14,0.23,0.15,0.001,58,35,18,5,17
3209,LN,5.16,269.4,925.5,17.25,1.94,0.29,2.14,0.13,0.37,0.13,0.002,79,66,16,5,14
3211,LN,9.34,312.6,1425.8,32.00000001,1.93,0.28,2.01,0.13,0.37,0.12,0.001,75,55,12,5,15
3213,LN,6.39,273.6,1165.9,24.45,1.81,0.34,2.28,0.09,0.22,0.11,0.001,83,41,10,6,14
3215,LN,8.38,263.8,1558.7,31.14999999,1.84,0.27,2.31,0.14,0.36,0.12,0.001,66,51,13,5,14
3217,LN,5.85,256.1,1121.2,21.4,1.8,0.33,1.89,0.13,0.39,0.14,0.001,83,40,13,7,15
3219,LN,3.17,209.5,702.4,12.95,1.68,0.35,2.37,0.11,0.19,0.11,0.002,59,28,9,5,11
3221,LN,8.56,337.4,1492.2,32.49999999,1.95,0.25,1.96,0.12,0.42,0.13,0.001,70,50,15,5,12
3223,LN,2.67,257.9,564.5,11,1.41,0.24,2.05,0.1,0.2,0.12,0.001,50,21,10,4,13
3225,LN,4.24,339.5,780.2,13.45,1.97,0.25,1.5,0.17,0.38,0.11,0.001,65,55,16,7,20
3227,LN,5.1,205.9,1039.3,19.05,1.61,0.26,1.93,0.14,0.24,0.11,0.001,64,33,11,4,13
3229,LN,5.33,287.3,869.8,17.4,2.17,0.35,1.79,0.4,0.52,0.17,0.001,83,53,13,9,31
3231,LN,2.59,271.2,515.7,9.699999999,2.12,0.43,2.4,0.17,0.48,0.16,0.002,79,45,15,8,34
3233,LN,6.62,183.2,1026.4,22.85,1.79,0.31,2.15,0.11,0.3,0.14,0.001,64,61,23,6,12
3235,LN,5.23,238.5,856.7,21.9,1.76,0.27,2.36,0.14,0.27,0.13,0.002,59,30,20,7,13
3237,LN,6.98,202.1,1034.0,24.5,2.03,0.52,2.54,0.1,0.24,0.23,0.002,78,28,16,6,16
3239,LN,4.32,179.2,843.4,15.55,1.8,0.33,2.39,0.17,0.38,0.2,0.002,58,102,18,6,20
3241,LN,5.09,221.3,989.6,21.1,1.86,0.22,1.8,0.17,0.45,0.14,0.002,61,47,14,7,11
3243,LN,6.44,240.3,1244.0,30.24999999,1.74,0.29,2.33,0.1,0.29,0.18,0.001,84,32,12,6,13
3245,LN,4.49,236.7,925.5,19.75,1.84,0.25,2.11,0.1,0.33,0.18,0.001,69,68,11,5,11
3247,LN,5.01,233.5,956.4,22.65,2.03,0.33,2.3,0.15,0.41,0.14,0.001,81,52,14,6,11
3249,LN,6.71,287.9,1064.2,24.3,1.74,0.34,2.15,0.14,0.32,0.14,0.001,90,48,16,4,13
3251,LN,11.53,298.2,1698.3,46.35,2.52,0.29,2.45,0.17,0.54,0.13,0.001,74,49,16,6,19
3253,LN,5.11,375.5,859.1,18.05,2.05,0.38,1.98,0.14,0.39,0.14,0.001,92,52,11,7,18
3255,LN,5.67,195.7,1470.9,33.6,2.22,0.41,2.5,0.23,0.45,0.12,0.001,77,55,16,6,13
3257,LN,4.33,175.3,905.1,20.3,1.75,0.27,2.66,0.12,0.26,0.1,0.001,71,56,10,4,13
3259,LN,6.38,257.6,1050.0,24.15,0.85,0.37,2.18,0.13,0.37,0.14,0.001,78,92,29,6,15
3263,LN,NA,NA,NA,NA,NA,NA,NA,NA,NA,NA,NA,NA,NA,NA,NA,NA
3265,LN,4.33,409.7,708.9,14.5,2.63,0.37,2.17,0.18,0.36,0.19,0.001,101,44,20,12,26
3267,LN,11.42,297.8,2000.0,49.74999999,2.02,0.29,2.99,0.1,0.21,0.14,0.001,82,35,14,5,14
3269,LN,8.23,316.4,1250.9,31.5,2.08,0.31,2.13,0.16,0.44,0.16,0.001,86,72,17,9,21
3271,LN,8.89,293.0,1352.2,33.99999999,1.97,0.21,2.06,0.18,0.45,0.14,0.001,75,31,13,4,13
3273,LN,7.41,232.1,1525.6,32.25,2.03,0.26,2.08,0.11,0.42,0.16,0.001,81,83,9,5,24
3275,LN,9.75,341.1,1655.5,43.59999999,2.53,0.34,2.75,0.19,0.38,0.17,0.001,102,80,11,9,14
3277,LN,8.35,285.9,1472.4,37.44999999,1.81,0.28,2.94,0.21,0.51,0.14,0.001,98,83,10,6,23
3279,LN,5.67,276.1,1212.4,25.45,2.21,0.39,2.31,0.14,0.3,0.15,0.001,74,64,29,8,21
3281,LN,6.25,187.1,1141.0,28.35,1.48,0.37,2.92,0.12,0.35,0.11,0.001,77,67,16,4,17
3283,LN,10.77,331.7,1841.4,42.35000001,2.15,0.3,2.44,0.14,0.43,0.14,0.001,83,61,14,6,17
3285,LN,6.21,235.5,1215.0,27,1.85,0.24,2.5,0.12,0.39,0.14,0.001,77,41,11,6,20
3287,LN,10.13,267.5,1677.4,43.25000001,2.02,0.44,2.81,0.18,0.56,0.14,0.001,75,87,16,6,17
3289,LN,6.85,217.7,1333.3,31.44999999,1.97,0.41,2.9,0.16,0.4,0.12,0.001,81,42,13,6,31
3291,LN,7.33,240.3,1401.1,30.35000001,1.8,0.23,2.79,0.12,0.32,0.11,0.001,70,40,9,5,12
3293,LN,6.14,118.5,1117.0,25.6,1.63,0.36,3.1,0.13,0.32,0.12,0.001,80,59,14,6,23
3295,LN,7.82,256.9,1492.8,32.15000001,1.95,0.24,2.76,0.23,0.58,0.14,0.001,83,49,14,5,21
3301,LN,7.55,306.7,917.4,30.80000001,1.88,0.32,1.99,0.13,0.28,0.14,0.001,72,45,14,5,14
3303,LN,7.73,304.7,1122.4,29.2,1.91,0.3,2.17,0.12,0.36,0.17,0.001,64,69,11,5,14
3305,LN,6.3,269.9,1093.7,22.55,1.62,0.28,2.22,0.14,0.43,0.15,0.01,80,60,18,6,14
3307,LN,5.6,208.6,1029.7,21.55,1.67,0.22,1.88,0.15,0.42,0.1,0.002,64,47,16,4,13
3309,LN,4.49,222.2,856.7,18.3,1.43,0.32,2.45,0.11,0.24,0.11,0.001,51,36,11,4,21
3311,LN,6.56,226.5,1048.5,25.05,1.44,0.3,1.97,0.1,0.32,0.11,0.001,59,23,11,5,11
3313,LN,8.08,210.4,1454.5,30.24999999,1.24,0.33,2.3,0.13,0.29,0.15,0.002,65,53,9,5,22
3315,LN,7.23,247.5,1169.3,23.95,1.38,0.2,2.02,0.09,0.32,0.1,0.001,61,50,13,3,10
3317,LN,5.25,250.5,1020.9,21.15,1.49,0.27,2.36,0.17,0.31,0.12,0.001,61,47,8,4,12
3319,LN,5.41,375.1,1018.7,24.4,1.43,0.4,2.91,0.09,0.23,0.18,0.001,65,52,12,5,17
3321,LN,8.77,273.3,1414.7,37.29999999,1.36,0.22,2.46,0.09,0.2,0.1,0.002,51,27,8,4,11
3323,LN,5.93,154.0,1222.7,23.4,1.49,0.25,2.18,0.13,0.24,0.13,0.001,57,39,8,3,15
3325,LN,7.34,314.7,1341.7,28.4,1.32,0.2,1.95,0.1,0.21,0.11,0.002,56,34,7,3,14
3327,LN,7.16,349.6,1180.9,29.6,1.87,0.36,2.48,0.17,0.39,0.22,0.002,75,51,7,6,19
3329,LN,4.66,239.2,851.3,16.9,2.78,0.36,2.35,0.15,0.24,0.12,0.002,56,42,7,3,12
3331,LN,8.57,258.1,1496.8,31.25000001,1.61,0.26,2.04,0.12,0.3,0.09,0.001,47,35,11,4,12
3333,LN,8.06,225.3,1297.3,30.99999999,0.85,0.24,2.16,0.13,0.28,0.09,0.002,60,40,8,4,9
3335,LN,4.26,292.9,825.6,15.1,1.86,0.45,2.48,0.17,0.41,0.15,0.002,77,82,18,8,13
3337,LN,3.57,308.1,639.2,12.95,2.14,0.56,2.18,0.25,0.52,0.19,0.001,73,44,24,9,32
3339,LN,6.57,238.4,1089.9,23.9,1.49,0.41,2.46,0.18,0.31,0.14,0.003,101,47,7,3,14
3341,LN,10.69,274.2,1740.1,44.19999999,1.89,0.53,2.88,0.14,0.34,0.15,0.001,65,42,17,5,23
3343,LN,4.81,277.5,858.7,19.15,1.01,0.38,2.19,0.1,0.11,0.09,0.001,41,45,6,3,12
3345,LN,6.05,228.2,1114.3,25.05,1.07,0.32,2.4,0.15,0.21,0.11,0.001,48,42,10,3,11
3347,LN,5.06,277.1,903.4,19.05,1.59,0.34,1.94,0.111,0.17,0.11,0.001,47,30,12,5,18
3349,LN,9.6,297.5,1742.7,36.24999999,1.45,0.24,1.86,0.1,0.21,0.1,0.001,41,46,12,3,11
3351,LN,6.74,232.7,1145.9,26.45,1.5,0.34,2.6,0.07,0.15,0.11,0.001,44,34,7,4,16
3353,LN,4.98,186.3,1144.1,24.6,1.22,0.33,2.97,0.09,0.14,0.11,0.001,62,39,8,4,12
3355,LN,5.34,180.8,1007.6,24.95,0.99,0.33,2.84,0.16,0.32,0.1,0.001,76,35,9,3,9
3357,LN,4.73,179.1,941.7,21.55,1.05,0.38,3.13,0.09,0.19,0.1,0.001,62,35,3,2,11
3359,LN,7.33,227.2,1247.4,32.1,1.23,0.32,2.72,0.1,0.2,0.1,0.001,66,50,7,4,10
3361,LN,6.33,212.6,1145.6,23.6,0.99,0.41,2.3,0.08,0.15,0.09,0.001,55,47,8,3,10
3363,LN,5.95,197.6,1138.7,27,1.05,0.29,2.69,0.13,0.26,0.09,0.001,54,37,5,3,13
3365,LN,6.87,207.3,1114.0,26.05,0.68,0.27,3.08,0.08,0.11,0.08,0.001,42,44,8,3,7
3367,LN,7.21,258.3,1337.7,26.55,1.56,0.24,1.92,0.13,0.34,0.1,0.001,76,44,15,4,11
3369,LN,3.75,211.9,824.4,20.3,1.81,0.28,2.95,0.18,0.32,0.14,0.001,132,63,15,6,16
3371,LN,6.37,337.1,990.8,24.85,2.18,0.54,1.86,0.21,0.4,0.18,0.001,100,70,13,6,15
3373,LN,10.9,363.9,1617.8,36.65000001,2,0.3,2.15,0.13,0.39,0.13,0.001,84,67,20,7,20
3375,LN,5.99,192.5,1284.1,28.25,1.39,0.34,2.77,0.11,0.26,0.12,0.001,90,41,13,6,14
3377,LN,8.16,252.6,1550.2,31.8,1.63,0.31,2.47,0.1,0.22,0.12,0.001,83,43,13,6,16
3379,LN,6.75,190.6,1242.1,25.1,1.26,0.23,2.31,0.07,0.2,0.1,0.001,81,29,14,4,11
3381,LN,2.97,310.8,609.8,10.6,1.93,0.37,2.29,0.1,0.24,0.14,0.002,97,40,17,6,23
3383,LN,7.19,264.2,1327.1,26.45,1.53,0.26,2.18,0.12,0.34,0.11,0.001,80,48,15,5,12
3385,LN,3.9,231.4,877.1,17.8,1.78,0.42,3.61,0.2,0.37,0.13,0.001,66,58,18,7,18
3387,LN,4.57,201.8,1034.8,21.35,1.33,0.32,3.06,0.14,0.39,0.14,0.001,84,105,19,6,17
3389,LN,6.15,261.6,1057.9,24.5,1.46,0.27,2.47,0.12,0.33,0.12,0.001,77,49,15,5,12
3391,LN,4.76,222.1,972.0,18.75,1.69,0.33,2.8,0.08,0.33,0.13,0.001,85,46,25,6,20
3393,LN,6.71,221.9,1107.2,25.9,1.72,0.36,2.77,0.14,0.26,0.12,0.001,75,33,16,5,15
3395,LN,4.57,281.9,941.2,19.65,1.69,0.21,2.61,0.1,0.27,0.12,0.001,90,42,19,5,11
3401,LN,7.42,328.6,1311.8,29.6,1.88,0.3,1.99,0.12,0.44,0.16,0.001,83,42,18,5,13
3403,LN,6.64,241.7,1037.9,26.9,1.56,0.44,2.9,0.1,0.45,0.12,0.001,75,63,10,4,20
3405,LN,8.14,259.0,1252.3,28.6,1.6,0.27,1.77,0.13,0.42,0.13,0.001,72,55,14,4,12
3407,LN,5.97,211.2,1034.8,22.95,1.38,0.24,1.67,0.18,0.57,0.11,0.001,59,32,14,4,15
3409,LN,6.76,242.0,1114.0,22.95,1.4,0.24,1.82,0.12,0.41,0.12,0.002,59,48,15,4,12
3411,LN,6.87,198.1,1304.3,28.45,1.55,0.24,2.33,0.14,0.31,0.16,0.001,57,38,10,5,18
3413,LN,6.85,224.6,1318.3,25.15,1.69,0.42,1.89,0.14,0.51,0.13,0.001,69,72,13,5,26
3415,LN,7,205.4,1191.4,25.05,1.32,0.27,2.16,0.11,0.26,0.09,0.001,57,40,14,6,16
3417,LN,8.41,213.6,1502.7,31.14999999,1.25,0.24,2.02,0.1,0.31,0.1,0.001,61,53,10,4,12
3419,LN,5.59,325.2,789.2,22.1,1.5,0.28,1.98,0.15,0.4,0.13,0.001,66,55,13,5,15
3421,LN,7.68,180.8,1250.3,30.99999999,1.31,0.24,2.43,0.08,0.2,0.1,0.001,57,35,13,5,12
3423,LN,5.48,237.7,1055.2,22.7,1.35,0.21,2,0.13,0.36,0.11,0.002,64,43,13,5,11
3425,LN,5.58,193.0,985.1,20.2,1.1,0.18,1.88,0.13,0.27,0.09,0.002,61,37,7,3,10
3427,LN,5.17,247.3,943.4,17.7,1.6,0.31,1.71,0.18,0.3,0.13,0.001,69,23,12,5,19
3429,LN,5.78,288.4,962.1,22.8,1.57,0.22,1.56,0.12,0.48,0.14,0.002,62,46,15,7,12
3431,LN,7.59,193.3,1318.0,25.8,1.36,0.29,1.49,0.15,0.36,0.12,0.001,58,60,12,5,17
3433,LN,7.76,227.1,1512.6,30.50000001,1.41,0.23,2.19,0.12,0.35,0.11,0.001,73,42,13,5,12
3435,LN,7.05,270.6,1150.8,26.3,1.81,0.29,2.35,0.19,0.37,0.13,0.002,70,34,23,6,15
3437,LN,5.48,224.3,1111.1,19.9,1.48,0.27,1.59,0.15,0.28,0.11,0.001,93,30,14,5,17
3439,LN,7.54,239.9,1289.7,26.45,1.54,0.3,2.11,0.05,0.32,0.11,0.001,71,34,19,7,14
3441,LN,5.08,292.2,769.5,18.85,1.51,0.42,1.88,0.18,0.22,0.11,0.001,73,39,14,7,15
3443,LN,7.34,247.8,1410.8,32.4,1.51,0.32,2.45,0.12,0.31,0.1,0.001,85,24,21,6,12
3445,LN,5.57,210.5,1228.7,26.55,1.77,0.32,2.22,0.22,0.5,0.13,0.002,112,48,20,7,14
3447,LN,6.08,216.0,1242.0,24.55,1.18,0.28,2.1,0.16,0.34,0.09,0.001,70,34,14,4,12
3449,LN,5.89,167.7,1110.6,23.8,1.25,0.5,2.85,0.08,0.16,0.12,0.001,79,34,10,5,11
3451,LN,5.62,232.7,1057.7,24.85,1.71,0.38,2.11,0.17,0.26,0.1,0.001,70,38,15,4,17
3453,LN,5.89,186.1,1226.4,25.75,1.62,0.32,2.37,0.18,0.41,0.13,0.001,77,52,14,6,19
3455,LN,3.68,217.9,908.1,16.35,1.56,0.32,2.88,0.13,0.23,0.11,0.001,66,23,10,5,9
3457,LN,5.85,277.7,972.2,23.8,1.55,0.39,2.3,0.15,0.4,0.14,0.001,82,45,15,5,12
3459,LN,7.2,277.0,1254.2,30.69999999,1.55,0.24,2,0.11,0.22,0.11,0.001,55,21,17,3,13
3461,LN,5.87,249.9,1170.4,24.7,1.48,0.33,2.2,0.18,0.49,0.11,0.003,66,58,11,6,16
3463,LN,6.75,224.6,1110.5,29.05,1.15,0.26,1.96,0.17,0.31,0.29,0.001,71,28,8,5,9
3465,LN,5.39,208.3,945.1,20.7,1.46,0.32,2.04,0.15,0.3,0.11,0.002,56,27,17,4,10
3467,LN,4.72,230.5,971.7,19.4,1.71,0.43,2.13,0.16,0.36,0.16,0.001,72,54,12,5,14
3469,LN,6.88,246.4,1058.7,24.95,1.81,0.46,2.39,0.18,0.41,0.13,0.001,69,21,14,7,20
3471,LN,8.4,314.9,1237.3,30.09999999,1.92,0.43,2.01,0.15,0.28,0.16,0.001,88,16,17,10,24
3473,LN,5.14,282.8,922.0,21.75,1.77,0.46,2.49,0.22,0.3,0.15,0.002,76,44,8,6,16
3475,LN,5.02,287.7,949.3,18.9,1.86,0.41,2.57,0.12,0.28,0.12,0.001,83,43,12,6,12
3477,LN,4.62,378.4,782.8,16.75,2.82,0.43,1.95,0.23,0.41,0.21,0.001,86,84,23,9,32
3479,LN,5.13,326.5,743.0,20.15,2.03,0.32,2.34,0.21,0.41,0.17,0.001,75,52,16,7,19
3481,LN,4.62,295.4,803.5,20.35,1.91,0.4,2.58,0.17,0.24,0.17,0.001,69,41,10,7,18
3483,LN,14.53,346.3,2294.8,58.5,1.86,0.33,2.17,0.18,0.33,0.13,0.001,80,36,11,6,14
3485,LN,8.62,258.3,1606.5,34.55000001,1.59,0.24,2.21,0.17,0.35,0.11,0.001,66,39,14,5,11
3487,LN,8.18,234.9,1586.9,36.75,1.68,0.34,2.65,0.12,0.23,0.14,0.001,64,23,10,5,13
3489,LN,5.59,233.8,1090.0,22.75,1.58,0.31,2.06,0.21,0.41,0.15,0.001,67,46,17,5,11
3491,LN,7.94,243.0,1266.9,31.95,1.84,0.43,2.63,0.19,0.29,0.15,0.001,78,40,10,8,16
3493,LN,8.31,285.4,1361.8,35.34999999,1.95,0.25,2.81,0.2,0.39,0.16,0.001,78,39,13,9,13
3495,LN,5.18,229.7,1050.0,18.75,1.85,0.38,2.59,0.11,0.26,0.12,0.001,69,34,21,6,17
3501,LN,7.72,220.7,1307.9,30.15,1.36,0.37,2.06,0.15,0.28,0.13,0.001,53,31,10,4,10
3503,LN,7.15,217.3,1143.3,24.85,1.36,0.29,1.96,0.09,0.23,0.11,0.001,54,33,12,5,11
3505,LN,5.36,228.4,814.8,22.4,1.86,0.31,2.58,0.09,0.3,0.12,0.002,64,51,19,6,21
3507,LN,5.53,257.0,939.1,22.15,1.46,0.53,2.3,0.14,0.34,0.11,0.001,46,42,7,4,15
3509,LN,3.56,117.2,838.4,15.7,1.19,0.25,2.5,0.08,0.33,0.1,0.002,67,28,10,3,11
3511,LN,5.78,204.5,1115.4,24.5,1.48,0.33,2.21,0.1,0.25,0.09,0.001,54,32,7,5,11
3513,LN,4.61,159.7,926.7,18.05,1.34,0.39,2.54,0.07,0.16,0.1,0.001,52,30,14,4,13
3515,LN,6.63,254.6,1014.0,23.45,1.55,0.28,1.91,0.09,0.19,0.13,0.001,51,33,7,3,12
3517,LN,6.47,245.1,1078.1,21.45,1.53,0.34,2.3,0.09,0.16,0.111,0.001,51,41,7,4,15
3519,LN,7.35,195.7,1230.9,29.25,1.98,0.34,2.65,0.11,0.32,0.23,0.003,51,39,15,3,15
3521,LN,5.12,237.9,986.4,19.7,1.65,0.37,2.08,0.11,0.19,0.13,0.002,61,29,10,5,11
3523,LN,7.66,215.1,1318.9,30.9,1.81,0.26,2.5,0.07,0.2,0.12,0.002,53,29,13,5,12
3525,LN,5.45,236.5,960.5,22.15,1.95,0.31,2.52,0.09,0.27,0.11,0.002,65,38,10,6,14
3527,LN,6.67,262.9,1200.7,26.85,1.91,0.31,2.42,0.09,0.32,0.16,0.003,63,42,14,5,15
3529,LN,8.12,337.1,1342.4,33.3,2.27,0.54,2.29,0.22,0.4,0.17,0.002,75,33,16,6,17
3531,LN,6.78,326.1,1115.6,25.4,1.97,0.35,1.75,0.14,0.44,0.16,0.003,73,44,22,9,14
3533,LN,7.26,232.5,1260.5,24.4,1.67,0.4,1.73,0.1,0.29,0.12,0.003,73,34,16,7,16
3535,LN,5.58,237.7,978.0,19.75,1.64,0.37,2.19,0.1,0.23,0.11,0.002,74,41,10,8,11
3537,LN,6.74,256.9,1134.9,22.8,2,0.31,2.02,0.11,0.25,0.14,0.003,64,39,9,6,13
3539,LN,8.41,290.0,1454.4,29.35,2.02,0.31,2.23,0.08,0.27,0.2,0.002,65,34,18,7,16
3541,LN,6.38,261.7,1107.1,24.85,2,0.3,2.43,0.21,0.38,0.15,0.001,65,46,13,5,15
3543,LN,4.78,157.5,1119.3,21.3,1.57,0.37,2.29,0.16,0.29,0.11,0.002,58,24,13,5,10
3545,LN,7.33,231.4,1167.6,29.1,2.11,0.28,2.01,0.21,0.35,0.13,0.001,58,34,25,7,13
3547,LN,7.01,209.3,1366.2,26.85,1.92,0.33,2.18,0.15,0.25,0.11,0.001,56,35,19,6,16
3549,LN,4.92,260.1,745.5,16.2,1.77,0.33,1.51,0.23,0.46,0.11,0.006,53,25,16,5,13
3551,LN,6.08,281.6,979.3,24.85,2,0.32,2.24,0.23,0.42,0.14,0.002,67,26,15,6,21
3553,LN,8.58,251.6,1552.4,35.85,1.92,0.35,2.27,0.09,0.23,0.12,0.004,70,25,11,7,11
3555,LN,6.71,227.5,1236.4,29.65,1.68,0.25,2.14,0.19,0.32,0.1,0.002,62,32,12,3,12
3557,LN,7.74,216.8,1405.9,34.65,1.65,0.26,2.53,0.13,0.24,0.11,0.001,73,23,9,5,10
3559,LN,6.81,229.2,1484.4,29.1,1.67,0.23,2.12,0.14,0.34,0.1,0.001,65,27,15,5,12
3561,LN,6.97,251.0,1217.4,27.45,1.76,0.32,2.17,0.17,0.3,0.13,0.001,65,31,11,5,14
3563,LN,5.94,242.9,1260.0,27.8,2.01,0.5,2.27,0.29,0.49,0.15,0.001,72,24,13,7,18
3565,LN,4.41,270.5,793.7,15.2,1.75,0.29,1.49,0.17,0.3,0.11,0.001,61,29,13,4,14
3567,LN,5.39,263.6,1290.9,27.75,2.25,0.39,3,0.18,0.28,0.16,0.001,78,35,17,7,21
3569,LN,6.92,308.7,1237.6,27.95,2.04,0.45,2.33,0.15,0.28,0.12,0.001,74,30,11,6,11
3571,LN,7.59,200.6,1437.2,33,1.5,0.25,2.46,0.16,0.28,0.09,0.001,53,31,11,4,11
3573,LN,5.75,234.4,1152.1,22.6,1.81,0.33,1.99,0.22,0.36,0.14,0.001,68,31,16,6,12
3575,LN,5.39,172.6,1180.4,24.8,1.76,0.37,2.07,0.17,0.33,0.1,0.001,62,36,11,5,17
3577,LN,4.24,294.3,649.7,16.85,1.92,0.3,1.77,0.2,0.53,0.16,0.001,64,49,17,5,14
3579,LN,6.82,208.6,1121.0,24.6,1.9,0.46,2.06,0.19,0.35,0.14,0.001,49,27,8,5,21
3581,LN,5.02,251.3,1077.8,24.8,1.94,0.49,2.7,0.21,0.37,0.11,0.001,59,20,11,5,14
3583,LN,6.74,206.8,1224.8,26.45,1.83,0.34,2.23,0.26,0.33,0.13,0.001,67,44,28,5,18
3585,LN,6.19,198.6,1223.3,25.15,1.75,0.29,1.99,0.11,0.2,0.13,0.001,67,23,12,5,10
3587,LN,3.79,365.6,602.4,13.2,2.08,0.35,1.76,0.3,0.4,0.13,0.001,67,45,13,7,20
3589,LN,7.17,248.4,1131.3,30.80000001,1.88,0.24,2.6,0.28,0.41,0.13,0.001,61,35,20,8,14
3591,LN,8.29,177.3,1609.2,34.10000001,1.67,0.28,2.36,0.17,0.32,0.12,0.001,71,31,17,5,13
3593,LN,7.82,214.5,1273.3,28.3,2.03,0.5,2.05,0.12,0.32,0.16,0.001,70,37,14,6,16
3595,LN,7.42,365.9,1452.6,28.3,2.79,0.28,2.54,0.14,0.29,0.18,0.003,104,43,27,12,24
4001,HN,9.41,335.6,1681.2,39.95000001,2.4,0.38,3,0.18,0.48,0.16,0.001,94,55,17,9,24
4003,HN,10.83,490.0,1697.0,39.65000001,2.53,0.3,2.3,0.15,0.45,0.15,0.001,95,62,16,7,26
4005,HN,12.62,326.3,1656.3,57.75,2,0.28,3.16,0.19,0.37,0.13,0.001,96,55,10,9,16
4007,HN,8.27,353.2,1492.8,42.45,2.18,0.32,3.02,0.21,0.39,0.13,0.001,86,79,10,6,18
4009,HN,11.49,406.1,1665.9,50.75000001,2.38,0.33,2.95,0.1,0.42,0.16,0.001,135,47,14,8,19
4011,HN,7.82,352.0,1495.2,38.75000001,2.32,0.38,2.63,0.29,0.51,0.14,0.002,97,42,15,8,28
4013,HN,7.19,368.2,1278.5,29.6,2.4,0.34,2.53,0.12,0.18,0.13,0.001,72,32,9,6,16
4015,HN,7.72,314.6,1336.4,32.4,2.2,0.3,2.96,0.17,0.62,0.13,0.001,82,43,15,7,15
4017,HN,5.59,412.5,956.3,21.5,2.55,0.32,1.86,0.22,0.42,0.18,0.002,99,39,14,13,21
4019,HN,10.68,314.8,1412.2,37.74999999,2.21,0.38,2.13,0.14,0.4,0.15,0.001,67,45,10,10,21
4021,HN,8.75,395.2,1513.1,38.7,2.52,0.31,2.93,0.16,0.33,0.15,0.006,104,71,20,10,32
4023,HN,10.7,359.0,1763.5,41.79999999,2.35,0.34,2.49,0.12,0.24,0.14,0.001,95,50,17,10,22
4025,HN,12.83,370.9,2055.9,62.04999999,2.16,0.42,2.57,0.2,0.42,0.2,0.001,91,57,11,7,26
4027,HN,8.18,462.9,1040.4,32.00000001,2.59,0.32,2.35,0.16,0.32,0.15,0.001,93,47,17,13,15
4029,HN,9.22,253.8,1674.3,36,1.79,0.21,2.03,0.15,0.32,0.11,0.002,66,50,17,6,13
4031,HN,6.26,363.0,1042.4,28.05,2.87,0.38,2.78,0.2,0.31,0.17,0.002,107,50,12,12,20
4033,HN,7.99,380.8,1304.4,33.69999999,2.74,0.39,2.4,0.12,0.33,0.17,0.001,97,60,11,17,17
4035,HN,9.59,399.3,1765.8,49.10000001,2.35,0.29,2.44,0.16,0.3,0.15,0.001,99,31,11,10,20
4037,HN,6.29,332.4,1194.9,32.25,2.53,0.3,3.05,0.26,0.5,0.15,0.001,114,65,15,12,16
4039,HN,8.36,452.9,1356.2,34.5,2.53,0.32,2.17,0.17,0.34,0.14,0.001,96,37,8,11,18
4041,HN,5.41,543.5,1006.1,24.8,3.13,0.41,2.79,0.17,0.37,0.17,0.002,129,37,12,9,21
4043,HN,,428.5,1518.0,33.15,NA,NA,NA,NA,NA,NA,NA,NA,NA,NA,NA,NA
4045,HN,8.62,214.3,1815.5,40.8,2.05,0.29,2.71,0.18,0.38,0.14,0.001,107,45,20,7,14
4047,HN,6.57,349.2,1379.1,30.24999999,2.55,0.33,2.6,0.13,0.28,0.17,0.001,121,44,15,9,18
4049,HN,9.41,351.2,1571.5,44.45000001,2.02,0.33,2.39,0.23,0.48,0.14,0.001,84,97,17,7,18
4051,HN,10.26,348.7,1747.5,44.49999999,2.06,0.31,2.09,0.32,0.5,0.14,0.001,76,55,17,11,19
4053,HN,13.02,367.9,1922.2,49.65,2.02,0.26,2.32,0.21,0.53,0.12,0.001,75,48,19,7,18
4055,HN,7.61,571.7,1247.2,28.6,3.14,0.33,2.04,0.16,0.45,0.19,0.001,119,51,16,13,32
4057,HN,9.92,336.0,1694.4,43.65,2.13,0.23,1.72,0.26,0.41,0.14,0.001,81,46,14,6,14
4059,HN,9.25,398.5,1629.5,43.14999999,2.63,0.31,2.69,0.37,0.58,0.18,0.001,119,129,17,9,26
4061,HN,8.74,404.6,1378.0,39.9,2.73,0.33,2.77,0.21,0.37,0.18,0.001,100,48,21,12,30
4063,HN,13.74,372.3,2368.9,60.95000001,2.4,0.3,2.75,0.24,0.45,0.15,0.001,83,61,14,7,18
4065,HN,6.73,326.5,1232.6,31.05,2.58,0.27,2.5,0.22,0.44,0.14,0.001,92,53,12,8,22
4067,HN,11.27,508.8,1729.3,40.70000001,3.25,0.33,2.06,0.13,0.38,0.18,0.001,104,80,23,9,37
4069,HN,9.62,347.1,1765.4,41.90000001,2.6,0.32,2.41,0.15,0.46,0.15,0.001,88,57,15,7,20
4071,HN,7.06,371.9,1255.8,36.65000001,2.46,0.27,3.33,0.2,0.53,0.16,0.002,139,59,11,10,24
4073,HN,6.58,428.6,1119.5,32.00000001,2.24,0.22,3.64,0.16,0.34,0.14,0.001,131,63,8,8,16
4075,HN,6.42,484.1,1041.9,30.99999999,2.69,0.28,2.34,0.33,0.89,0.19,0.002,159,116,9,10,56
4077,HN,7.82,453.8,972.4,29.65,2.97,0.35,2.49,0.19,0.64,0.19,0.002,117,70,22,11,25
4079,HN,10.65,416.4,1723.6,51.6,2.83,0.28,2.66,0.29,0.52,0.17,0.002,95,95,18,11,34
4081,HN,9.43,412.8,1564.2,37.70000001,2.29,0.31,2.46,0.18,0.33,0.14,0.001,87,36,7,7,19
4083,HN,9.08,447.2,1590.9,44.45000001,2.25,0.21,3.58,0.16,0.36,0.12,0.001,79,31,7,11,13
4085,HN,9.79,446.8,1679.5,48.69999999,1.63,0.2,2.64,0.15,0.34,0.09,0.001,72,52,9,5,16
4087,HN,6.29,422.2,1204.9,31.40000001,2,0.19,2.33,0.17,0.5,0.13,0.001,77,42,7,9,14
4089,HN,8.69,361.2,1606.2,40.44999999,1.55,0.16,2.63,0.13,0.23,0.09,0.001,54,39,5,4,10
4091,HN,9.75,398.2,1649.6,57.84999999,3.01,0.36,3.06,0.25,0.73,0.19,0.004,119,36,10,9,31
4093,HN,9.4,465.4,1796.2,50.7,2.33,0.29,2.1,0.17,0.28,0.13,0.001,74,64,11,7,29
4095,HN,7.24,404.2,1254.5,31.29999999,1.89,0.23,2.95,0.17,0.37,0.11,0.001,96,32,8,6,13
4097,HN,8.83,NA,NA,NA,2.84,0.31,2.91,0.27,0.5,0.17,0.001,98,62,12,11,27
4101,HN,8.88,332.5,1359.0,36.20000001,1.88,0.31,2.65,0.15,0.34,0.14,0.001,94,28,16,9,20
4103,HN,10.65,392.3,1625.9,44.90000001,2.49,0.35,2.84,0.13,0.35,0.14,0.001,117,61,13,8,17
4105,HN,4.36,439.0,776.0,18.6,3.21,0.54,2.72,0.19,0.53,0.18,0.003,117,85,20,17,32
4107,HN,7.62,294.2,1552.0,33.05000001,2.66,0.3,2.41,0.17,0.48,0.18,0.002,119,69,17,12,23
4109,HN,8.32,284.3,1313.8,30.24999999,2,0.38,2.31,0.13,0.34,0.14,0.001,89,70,26,9,17
4111,HN,10.57,397.9,1763.5,47.85,2.37,0.4,3.68,0.18,0.33,0.15,0.001,93,42,10,10,16
4113,HN,9.53,404.4,1305.1,37.65,3.02,0.48,2.86,0.1,0.28,0.18,0.001,157,55,18,14,18
4115,HN,8.94,306.7,1492.8,37.25000001,2.65,0.41,2.78,0.13,0.23,0.15,0.001,110,41,14,9,17
4117,HN,5.82,380.4,809.9,26.1,2.01,0.28,1.95,0.14,0.52,0.13,0.001,90,67,13,9,14
4119,HN,6.74,321.2,1384.2,38.60000001,2.54,0.3,3.17,0.16,0.34,0.16,0.001,121,31,12,10,18
4121,HN,8.5,332.0,1470.6,34.59999999,2.71,0.35,2.49,0.21,0.49,0.18,0.001,92,69,16,10,24
4123,HN,10.29,437.6,1728.5,36.75,2.57,0.31,2.16,0.16,0.42,0.15,0.001,95,56,20,9,31
4125,HN,7.96,435.5,1145.0,34.85000001,2.91,0.38,2.49,0.28,0.37,0.2,0.001,107,72,8,12,27
4127,HN,6.17,303.3,1418.6,29.45,2.49,0.33,2.63,0.19,0.42,0.15,0.001,102,49,12,11,28
4129,HN,7.39,412.6,1265.6,32.4,2.98,0.34,2.01,0.32,0.58,0.18,0.001,100,44,16,9,22
4131,HN,9.75,559.5,1542.9,39.24999999,3.04,0.41,2.29,0.18,0.4,0.18,0.001,115,67,18,13,30
4133,HN,9.51,360.2,1652.5,36.75,2.65,0.46,2.02,0.21,0.6,0.15,0.001,108,82,16,11,21
4135,HN,9.33,391.1,1509.7,41.79999999,2.6,0.35,2.45,0.21,0.39,0.16,0.001,110,64,15,11,23
4137,HN,6.26,454.3,1184.9,28.8,2.84,0.32,2.23,0.23,0.65,0.15,0.001,116,69,13,12,17
4139,HN,7.99,459.4,1154.1,40.25000001,2.78,0.34,3.82,0.24,0.54,0.19,0.002,117,66,20,14,22
4141,HN,7.97,470.9,1290.7,38.25,2.58,0.28,2.3,0.23,0.68,0.19,0.002,112,71,15,11,25
4143,HN,8.88,397.4,1477.8,39.75,2.52,0.34,3.2,0.18,0.46,0.14,0.002,89,61,12,9,21
4145,HN,7.69,308.0,1556.1,32.49999999,2.47,0.31,2.52,0.18,0.42,0.15,0.001,94,70,27,11,26
4147,HN,8.05,291.1,1257.9,31.40000001,2.27,0.39,2.18,0.19,0.31,0.13,0.002,83,32,17,7,18
4149,HN,4.31,343.3,758.7,18,3.17,0.41,1.96,0.18,0.45,0.18,0.001,135,97,14,11,24
4151,HN,10.45,391.8,1540.9,42.3,2.25,0.24,2.15,0.14,0.37,0.16,0.001,84,63,10,9,21
4153,HN,8.55,347.5,1429.4,34.5,2.3,0.3,2.2,0.29,0.58,0.15,0.001,92,70,29,11,17
4155,HN,11.96,339.1,1960.6,57.95000001,2.37,0.27,2.77,0.26,0.61,0.14,0.001,94,75,14,10,27
4157,HN,7.47,441.4,1384.9,28,2.64,0.29,2.25,0.15,0.4,0.16,0.001,98,68,18,8,26
4159,HN,7.86,367.6,1382.1,35.25,2.18,0.26,2.31,0.22,0.51,0.14,0.001,87,48,13,8,15
4161,HN,12.81,524.1,1775.6,52.29999999,2.78,0.31,2.39,0.2,0.4,0.17,0.001,109,64,15,9,16
4163,HN,6.94,386.7,1216.4,26.55,2.87,0.36,1.96,0.27,0.46,0.18,0.001,140,52,26,13,24
4165,HN,9.12,401.7,1591.7,41.64999999,3.09,0.4,2.85,0.26,0.52,0.21,0.001,134,98,12,13,20
4167,HN,7.82,355.7,1530.6,32.94999999,2.55,0.34,2.6,0.12,0.3,0.18,0.002,111,55,18,10,21
4169,HN,11.71,374.7,1635.2,48.54999999,2.98,0.4,2.93,0.18,0.57,0.21,0.002,133,93,15,10,36
4171,HN,9.59,357.0,1668.0,46.40000001,2.29,0.27,3.08,0.12,0.3,0.15,0.001,110,46,11,8,16
4173,HN,6.99,496.3,1162.7,31.55000001,2.82,0.27,2.42,0.21,0.57,0.2,0.001,124,56,8,9,16
4175,HN,12.05,386.9,1848.7,49.55000001,2.31,0.25,2.51,0.14,0.5,0.15,0.003,114,37,15,12,16
4177,HN,7.46,357.3,1223.4,35.15000001,2.37,0.35,2.89,0.24,0.68,0.14,0.002,110,89,10,9,20
4179,HN,7.05,440.6,1141.2,32.64999999,3.04,0.32,2.77,0.21,0.73,0.21,0.002,124,128,16,14,27
4181,HN,4.38,352.7,886.7,18.75,2.31,0.23,2.67,0.13,0.39,0.13,0.002,114,47,28,8,14
4183,HN,8.05,391.6,1442.8,40.70000001,2.31,0.21,2.76,0.21,0.55,0.15,0.001,89,80,6,7,17
4185,HN,7.95,383.0,1538.0,38.90000001,2.93,0.33,2.25,0.27,0.76,0.16,0.002,106,68,11,8,24
4187,HN,6.83,359.9,1427.8,42.39999999,2.51,0.44,2.67,0.19,0.51,0.14,0.006,106,82,10,10,19
4189,HN,7.33,391.5,1150.8,27.65,2.75,0.36,2.96,0.17,0.43,0.16,0.001,111,58,12,12,21
4191,HN,9.95,411.4,1782.1,47.90000001,2.18,0.22,2.41,0.2,0.61,0.15,0.004,117,88,11,10,23
4193,HN,9.91,429.3,1667.7,49.14999999,2.99,0.4,2.91,0.28,0.67,0.2,0.002,123,112,17,14,23
4195,HN,10.48,439.5,1718.3,50.34999999,2.51,0.26,2.6,0.16,0.53,0.17,0.001,122,70,11,15,25
4201,HN,11.05,399.3,1781.2,51.3,2.36,0.41,3.95,0.12,0.31,0.18,0.001,100,41,24,8,18
4203,HN,8.29,391.5,1458.9,33.15,2.55,0.33,2.38,0.2,0.63,0.16,0.001,85,82,17,9,27
4205,HN,5.23,449.6,884.6,19.7,2.82,0.37,2.11,0.2,0.55,0.18,0.002,96,87,20,11,45
4207,HN,9.26,440.4,1563.6,42.6,2.81,0.41,2.9,0.1,0.35,0.18,0.001,107,56,8,8,20
4209,HN,10.44,374.4,1763.0,41.34999999,2.04,0.25,2.52,0.12,0.44,0.14,0.001,88,63,13,7,21
4211,HN,11.22,366.8,1742.2,51,1.82,0.28,2.15,0.14,0.35,0.18,0.001,95,47,11,10,15
4213,HN,4.82,356.0,861.8,24.85,1.49,0.21,2.26,0.14,0.3,0.12,0.001,74,38,9,5,19
4215,HN,6.47,283.8,1224.5,29.3,1.48,0.23,3,0.16,0.3,0.1,0.001,53,44,6,4,15
4217,HN,5.97,419.7,922.7,22.1,2.56,0.43,2.43,0.2,0.5,0.2,0.001,89,181,14,9,42
4219,HN,9.69,326.1,1487.2,38.90000001,2.76,0.44,2.44,0.24,0.53,0.16,0.001,94,44,13,12,26
4221,HN,6.95,519.9,889.3,30.95000001,2.42,0.33,2.35,0.15,0.41,0.17,0.001,115,67,10,9,16
4223,HN,5.98,460.9,754.4,25.05,2.57,0.43,2.33,0.12,0.24,0.16,0.001,81,50,7,10,21
4225,HN,6.52,445.7,1143.8,25.95,2.44,0.32,2.48,0.14,0.26,0.17,0.001,105,50,11,12,21
4227,HN,6.74,536.8,1094.7,28.55,3.28,0.45,2.55,0.19,0.41,0.18,0.001,111,72,29,14,32
4229,HN,7.63,368.9,1401.6,36.50000001,2.41,0.26,2.13,0.15,0.35,0.14,0.002,86,73,11,11,22
4231,HN,11.52,512.9,1750.1,43.05,2.08,0.28,2.14,0.14,0.27,0.12,0.001,66,67,9,6,24
4233,HN,7.69,346.6,1341.0,32.79999999,1.91,0.26,2.42,0.17,0.19,0.1,0.001,56,34,5,7,13
4235,HN,6.53,386.9,1260.2,28.05,2.88,0.33,2.32,0.15,0.48,0.16,0.001,109,39,23,12,18
4237,HN,11.59,513.8,1777.6,48.9,2.17,0.22,2.2,0.13,0.27,0.12,0.003,96,43,11,10,19
4239,HN,6.65,404.5,1310.1,33.50000001,2.32,0.25,2.12,0.18,0.47,0.14,0.001,96,69,7,10,25
4241,HN,6.51,406.5,1110.8,32.7,2.6,0.48,3.11,0.16,0.48,0.15,0.007,94,34,11,10,18
4243,HN,6.89,558.3,1018.4,26.25,2.96,0.32,2.23,0.22,0.56,0.17,0.001,102,74,17,12,21
4245,HN,3.97,315.0,718.1,15.25,2.1,0.41,2.55,0.1,0.3,0.14,0.001,71,60,20,8,34
4247,HN,7.74,379.5,1600.1,34.89999999,1.69,0.21,2.62,0.11,0.23,0.09,0.001,61,46,9,6,12
4249,HN,10.28,454.0,1766.2,39.20000001,2.24,0.29,2.3,0.18,0.32,0.13,0.001,77,78,9,7,21
4251,HN,9.69,333.9,1925.4,49.85000001,2.95,0.29,2.47,0.3,0.62,0.14,0.002,94,88,15,8,13
4253,HN,12.52,376.3,1915.7,57.09999999,3.04,0.47,2.4,0.21,0.4,0.18,0.001,144,66,15,12,19
4255,HN,NA,NA,NA,NA,NA,NA,NA,NA,NA,NA,NA,NA,NA,NA,NA,NA
4257,HN,10.64,556.7,1503.4,37.85000001,3.93,0.36,2.13,0.19,0.6,0.26,0.001,133,174,16,14,32
4259,HN,10.09,399.2,1582.2,43.25000001,3.03,0.38,2.34,0.12,0.58,0.2,0.002,170,88,21,12,20
4261,HN,10.89,480.2,1754.6,51.99999999,3.38,0.32,2.43,0.26,0.46,0.18,0.001,96,153,15,10,24
4263,HN,6.73,514.0,1169.4,26.85,3.54,0.37,2.14,0.18,0.59,0.22,0.001,119,68,22,13,18
4265,HN,10.44,434.5,1869.5,44.55,3.05,0.31,2.61,0.19,0.48,0.18,0.001,105,72,17,9,28
4267,HN,8.87,372.5,1879.2,39.75,2.86,0.38,2.61,0.18,0.43,0.17,0.002,113,72,17,7,23
4269,HN,10.54,446.9,1542.2,42.39999999,2.7,0.28,2.6,0.21,0.47,0.17,0.001,94,66,14,7,22
4271,HN,5.36,405.6,901.5,26.05,2.73,0.33,2.22,0.28,0.6,0.16,0.002,103,96,18,10,20
4273,HN,7.59,364.6,1546.9,36.99999999,2.24,0.18,2.39,0.19,0.48,0.17,0.001,87,39,9,5,13
4275,HN,7.05,351.6,1249.7,36.45,2.72,0.25,2.25,0.18,0.56,0.16,0.001,129,53,16,10,22
4277,HN,8.05,393.2,1460.1,39.20000001,2.56,0.25,3.44,0.28,0.51,0.15,0.002,148,57,12,12,20
4279,HN,11.25,332.4,1983.8,55.40000001,2.48,0.36,2.67,0.25,0.52,0.17,0.002,110,57,13,13,18
4281,HN,9.91,422.4,1593.8,46.40000001,2.55,0.28,3,0.12,0.46,0.15,0.001,89,63,8,9,19
4283,HN,8.08,466.5,1334.3,35.64999999,3.03,0.31,1.94,0.16,0.51,0.16,0.001,110,77,14,13,18
4285,HN,8.69,340.6,1616.9,39,2.23,0.23,2.52,0.17,0.32,0.13,0.001,89,40,10,9,15
4287,HN,6.46,308.1,1409.9,29.85,2.65,0.29,2.37,0.19,0.39,0.15,0.002,121,99,9,13,19
4289,HN,7.53,417.5,1279.3,38.25,3.09,0.25,2.03,0.32,0.9,0.19,0.001,126,52,12,16,15
4291,HN,8.97,411.0,1414.8,40.55000001,3.03,0.44,2.23,0.13,0.39,0.16,0.004,124,64,15,15,24
4293,HN,8.63,417.3,1348.9,45.99999999,2.64,0.32,2.55,0.2,0.5,0.14,0.002,94,75,14,10,18
4295,HN,8.2,430.2,1298.4,37.2,3,0.28,2.8,0.24,0.61,0.18,0.001,98,59,8,12,31
4301,HN,3.71,408.6,585.9,12.6,2.89,0.37,2.12,0.18,0.5,0.2,0.001,93,46,32,11,33
4303,HN,4.16,430.7,739.8,17.45,3.11,0.41,2.23,0.12,0.25,0.17,0.001,110,16,17,11,19
4305,HN,5.48,391.8,983.6,20.55,2.77,0.38,2.27,0.18,0.28,0.14,0.001,83,51,25,8,25
4307,HN,8.01,337.3,1700.5,38.90000001,2.92,0.35,2.84,0.18,0.37,0.16,0.002,114,61,17,11,19
4309,HN,7.5,476.7,1190.0,30.39999999,3.28,0.36,2.68,0.1,0.4,0.18,0.002,131,64,28,14,22
4311,HN,6.47,406.0,985.3,25.6,2.63,0.3,2.57,0.15,0.36,0.15,0.001,81,50,22,9,32
4313,HN,5.69,449.6,1002.6,20.7,2.59,0.38,2.06,0.23,0.34,0.17,0.001,82,63,20,11,32
4315,HN,9.13,391.0,1945.0,45.54999999,3.05,0.28,2.94,0.15,0.41,0.14,0.001,99,58,10,9,19
4317,HN,8.75,364.9,1583.3,35.1,2.75,0.24,1.89,0.2,0.42,0.13,0.001,88,76,13,8,27
4319,HN,5.44,519.6,811.6,20.45,2.68,0.36,1.6,0.21,0.6,0.17,0.001,93,88,27,11,22
4321,HN,4.54,452.8,705.5,16.2,3.52,0.37,1.6,0.24,0.56,0.16,0.003,86,70,30,11,22
4323,HN,4.78,483.5,812.2,16.35,2.62,0.33,1.53,0.25,0.53,0.2,0.001,106,38,43,14,29
4325,HN,2.88,341.0,541.0,11.85,3.15,0.37,2.1,0.18,0.28,0.15,0.001,82,53,27,10,26
4327,HN,5.31,544.4,844.2,22.4,3.14,0.43,2.35,0.22,0.52,0.19,0.001,100,80,19,19,37
4329,HN,7.57,385.0,1160.9,27.05,2.4,0.32,1.91,0.15,0.41,0.15,0.001,86,44,27,10,18
4331,HN,4.55,420.0,830.1,16.4,3.08,0.35,1.47,0.16,0.37,0.21,0.001,109,38,17,14,15
4333,HN,7.95,449.9,1369.2,31.25000001,2.45,0.32,2.32,0.26,0.42,0.17,0.001,86,48,10,9,23
4335,HN,4.42,415.4,933.6,21.5,3.63,0.36,2.43,0.19,0.33,0.16,0.001,118,41,9,10,14
4337,HN,12.11,589.1,1944.9,51.75,3.07,0.29,2.21,0.22,0.48,0.16,0.002,110,69,9,12,24
4339,HN,7.37,467.3,1176.3,35.4,2.87,0.29,2.55,0.26,0.43,0.16,0.003,143,85,14,12,17
4341,HN,8.41,387.5,1412.9,39.6,2.66,0.3,3,0.13,0.4,0.16,0.002,124,52,21,10,18
4343,HN,8.36,457.0,1343.1,37.8,3.01,0.33,2.87,0.22,0.47,0.21,0.003,128,60,22,18,24
4345,HN,6.22,421.4,1190.4,25.5,2.72,0.4,2.37,0.16,0.26,0.15,0.001,117,72,18,9,27
4347,HN,6.42,379.1,1100.9,23.1,2.64,0.33,2.13,0.15,0.33,0.16,0.002,107,56,53,13,29
4349,HN,7.36,382.2,1344.6,28.8,2.8,0.4,2.16,0.25,0.41,0.17,0.001,104,50,25,12,28
4351,HN,6.58,361.7,1344.3,28.05,2.66,0.26,1.98,0.24,0.45,0.17,0.001,101,58,18,10,15
4353,HN,5.31,317.9,1150.5,22.45,3.14,0.4,2.54,0.25,0.54,0.19,0.001,110,51,22,9,27
4355,HN,3.15,423.9,602.8,11.3,2.7,0.34,2.26,0.24,0.36,0.15,0.001,101,81,47,8,40
4357,HN,8.35,396.3,1408.3,30.54999999,2.75,0.38,2.06,0.24,0.37,0.16,0.001,104,59,27,11,28
4359,HN,10.08,404.4,1933.1,46.14999999,3.2,0.41,3.02,0.14,0.39,0.2,0.001,101,69,21,10,23
4361,HN,9.45,419.2,1543.7,38.60000001,2.99,0.42,2.42,0.13,0.3,0.17,0.002,113,43,19,12,21
4363,HN,9.34,474.3,1544.3,40.95,3.15,0.34,2.25,0.21,0.5,0.17,0.001,110,55,17,11,19
4365,HN,9.15,417.0,1440.7,36.15,3.15,0.45,2.49,0.29,0.5,0.18,0.001,110,66,23,10,33
4367,HN,7.24,372.6,1409.4,30.24999999,2.42,0.31,2.46,0.2,0.57,0.17,0.001,106,73,16,9,19
4369,HN,10.24,544.2,1663.7,42.39999999,3.5,0.4,1.98,0.2,0.46,0.2,0.001,126,51,24,14,35
4371,HN,8.98,398.8,1527.8,50.60000001,2.6,0.38,3.21,0.11,0.33,0.15,0.004,134,54,10,12,15
4373,HN,7.9,397.9,1375.4,34.10000001,2.51,0.29,2.07,0.31,0.69,0.2,0.004,139,117,16,13,23
4375,HN,6.08,370.6,1409.4,36.54999999,2.54,0.31,3.25,0.2,0.57,0.19,0.002,105,43,8,8,20
4377,HN,9.7,330.8,1310.0,40.10000001,2.12,0.21,2.24,0.33,0.63,0.13,0.002,135,57,10,8,24
4379,HN,9.27,388.9,1472.4,50.34999999,2.65,0.38,3.19,0.1,0.34,0.16,0.002,115,56,11,13,17
4381,HN,7.14,433.9,1185.4,29.5,2.57,0.26,2.66,0.24,0.47,0.16,0.001,113,52,14,10,21
4383,HN,8.57,421.8,1567.0,40.05,2.27,0.33,1.92,0.16,0.49,0.13,0.001,123,64,11,9,17
4385,HN,7.31,333.3,1283.5,33.20000001,1.99,0.25,2.18,0.19,0.58,0.12,0.003,106,66,18,14,18
4387,HN,5.54,272.1,1291.6,35.00000001,2.18,0.4,4.33,0.18,0.42,0.14,0.002,101,48,15,9,20
4389,HN,10.31,486.5,1842.6,44.90000001,2.97,0.35,2.56,0.16,0.5,0.18,0.002,133,63,13,12,19
4391,HN,8.53,465.5,1783.2,48.20000001,2.82,0.28,3.08,0.17,0.49,0.15,0.001,145,48,18,13,14
4393,HN,9.71,400.3,1756.3,42.45,2.8,0.33,2.76,0.24,0.52,0.17,0.001,136,91,15,21,27
4395,HN,7.57,429.1,1593.5,35.25,3.04,0.3,2.57,0.21,0.48,0.17,0.001,114,53,11,12,16
4401,HN,6.54,298.0,1171.2,29.2,2.04,0.43,3.2,0.2,0.42,0.13,0.001,107,68,14,9,17
4403,HN,7.65,272.9,1495.6,30.3,1.71,0.24,2.19,0.14,0.36,0.1,0.001,80,49,12,5,16
4405,HN,1.54,198.4,442.3,6.500000001,1.96,0.33,2.29,0.18,0.26,0.15,0.001,60,44,15,5,16
4407,HN,7.37,313.3,1335.0,34.2,1.97,0.28,2.49,0.2,0.45,0.17,0.002,75,44,17,6,15
4409,HN,4.76,418.6,873.0,16.75,2.57,0.31,2.64,0.13,0.39,0.18,0.001,116,115,41,7,28
4411,HN,7.53,326.8,1208.9,31.5,1.71,0.26,2.12,0.16,0.42,0.12,0.001,69,32,16,6,14
4413,HN,6.48,418.8,1087.3,26.25,2.24,0.4,2.48,0.1,0.21,0.15,0.001,115,49,13,8,26
4415,HN,3.79,212.4,827.8,15,1.72,0.36,2.76,0.21,0.49,0.12,0.001,68,66,22,7,24
4417,HN,5.16,412.8,831.5,21.4,2.55,0.49,2.41,0.12,0.4,0.18,0.001,99,30,15,16,23
4419,HN,7.69,363.6,1311.2,35.45000001,2.83,0.33,2.89,0.12,0.3,0.15,0.001,104,52,12,8,20
4421,HN,6.81,348.7,1294.7,29.4,2.72,0.29,2.6,0.14,0.38,0.18,0.001,119,53,16,8,17
4423,HN,8.08,458.7,1305.1,29.85,2.54,0.27,2.06,0.2,0.39,0.15,0.001,84,54,18,8,25
4425,HN,2.59,416.0,429.7,11.5,2.47,0.41,2.67,0.15,0.31,0.14,0.001,79,76,21,11,35
4427,HN,3.98,434.9,826.2,17.8,3,0.37,1.82,0.42,0.69,0.21,0.001,114,101,17,20,31
4429,HN,7.48,447.6,1013.4,30.50000001,2.79,0.32,2.54,0.12,0.33,0.18,0.001,99,93,21,11,24
4431,HN,5.49,494.0,874.4,19.85,3.29,0.41,1.86,0.33,0.48,0.23,0.001,118,42,28,13,26
4433,HN,5.81,439.7,1006.4,23.6,2.51,0.39,2.35,0.11,0.34,0.15,0.001,88,61,17,8,24
4435,HN,6.48,575.0,838.9,22.15,2.83,0.37,1.94,0.13,0.38,0.18,0.001,96,66,17,13,33
4437,HN,4.94,354.2,972.7,23.55,2.09,0.22,2.4,0.17,0.41,0.29,0.001,87,59,10,8,16
4439,HN,6.77,402.3,1131.7,28.25,2.48,0.3,1.94,0.25,0.5,0.2,0.001,99,76,15,14,16
4441,HN,5.88,358.0,1198.0,26.5,2.51,0.3,2.52,0.23,0.5,0.22,0.001,97,108,19,11,23
4443,HN,8.98,475.5,1438.6,35.75000001,2.38,0.27,1.93,0.17,0.47,0.16,0.001,94,64,21,11,17
4445,HN,8.19,383.1,1264.8,31.74999999,2.64,0.35,2.78,0.12,0.34,0.17,0.001,118,47,30,11,22
4447,HN,7.56,427.7,1171.6,26,2.46,0.29,1.64,0.17,0.45,0.17,0.003,94,75,21,18,20
4449,HN,7.94,404.2,1269.7,33.69999999,2.64,0.31,2.43,0.23,0.45,0.16,0.001,91,69,19,11,27
4451,HN,8.09,414.6,1479.3,32.94999999,2.67,0.28,1.72,0.24,0.62,0.17,0.002,92,67,18,12,21
4453,HN,6.62,369.0,1186.6,22.6,2.49,0.27,2.1,0.23,0.37,0.14,0.003,85,65,18,8,17
4455,HN,8.15,503.8,1227.9,29.95,2.6,0.32,2.31,0.15,0.41,0.17,0.001,85,74,19,12,20
4457,HN,7.71,323.2,1599.1,36.75,2.36,0.29,2.9,0.19,0.44,0.15,0.001,89,68,22,11,23
4459,HN,7.09,367.6,1264.0,27.65,3.06,0.48,2.39,0.2,0.49,0.22,0.002,97,90,26,15,45
4461,HN,6.06,412.6,1118.1,27.65,2.67,0.36,2.32,0.29,0.78,0.18,0.002,94,47,20,10,23
4463,HN,9.18,371.2,1575.4,35.55,2.78,0.35,2.34,0.2,0.34,0.17,0.001,87,75,15,11,25
4465,HN,8.51,536.7,1430.9,38.19999999,3.03,0.35,2.89,0.11,0.25,0.18,0.001,99,59,15,12,24
4467,HN,8.69,487.6,1447.5,33.80000001,2.96,0.29,2.34,0.17,0.51,0.17,0.001,97,64,18,11,20
4469,HN,6.17,354.8,1149.2,27.85,2.41,0.32,2.1,0.16,0.39,0.17,0.001,86,63,19,10,17
4471,HN,6.12,471.5,1123.6,28.95,2.78,0.29,2.01,0.28,0.88,0.2,0.002,125,76,12,10,17
4473,HN,6.04,377.1,937.7,27.85,2.07,0.34,1.98,0.25,0.53,0.17,0.001,97,51,21,7,17
4475,HN,7.23,425.4,994.0,30.39999999,2.23,0.29,2.46,0.3,0.38,0.17,0.002,91,43,7,9,15
4477,HN,8.04,459.1,1232.5,28.15,2.67,0.31,2.77,0.15,0.36,0.19,0.001,104,34,13,12,25
4479,HN,5.55,347.0,1196.9,28.1,2.62,0.38,3.87,0.14,0.4,0.16,0.002,122,60,12,11,24
4481,HN,7.32,465.6,1101.6,35.25,2.27,0.26,2.68,0.16,0.58,0.17,0.002,136,82,13,14,19
4483,HN,6.44,483.5,957.4,28.9,2.17,0.24,2.76,0.18,0.38,0.14,0.001,108,62,8,9,18
4485,HN,6.12,358.6,1087.9,28.95,2.84,0.39,2.93,0.16,0.53,0.16,0.001,128,66,18,13,21
4487,HN,7.18,351.4,1376.0,33.95000001,2.18,0.25,2.22,0.18,0.41,0.13,0.002,86,49,13,11,17
4489,HN,10.08,534.6,1426.7,40.65,2.79,0.27,1.9,0.14,0.4,0.18,0.001,104,60,14,17,13
4491,HN,9.05,366.2,1452.8,39,2.25,0.36,2.3,0.12,0.31,0.14,0.001,103,95,8,12,16
4493,HN,9.71,410.0,1569.3,42.99999999,2.3,0.27,2.18,0.24,0.59,0.16,0.001,93,84,17,10,18
4495,HN,8.26,282.0,1064.3,34.55000001,2.28,0.33,2.91,0.41,0.56,0.17,0.001,95,109,20,11,15
4501,HN,5.57,324.6,944.3,20.2,2.37,0.35,2.46,0.1,0.36,0.15,0.002,69,55,26,7,25
4503,HN,7.41,381.3,1090.4,30,2,0.29,2.11,0.17,0.45,0.13,0.001,84,69,9,9,17
4505,HN,8.15,333.4,1090.0,34.70000001,2.28,0.28,2.02,0.14,0.32,0.123,0.001,77,56,9,8,17
4507,HN,4.31,236.2,850.9,17.7,2.25,0.5,2.64,0.19,0.4,0.16,0.001,108,47,21,22,46
4509,HN,7.96,412.1,1182.9,28.25,2.26,0.35,2.45,0.14,0.28,0.16,0.001,78,46,29,10,28
4511,HN,6.13,404.9,1279.9,26.75,2.25,0.3,3.44,0.16,0.29,0.14,0.001,79,56,14,8,24
4513,HN,8.72,299.3,1520.1,35.85,2.08,0.36,2.49,0.15,0.35,0.13,0.002,76,37,10,8,17
4515,HN,5.27,326.4,979.9,23.45,2.2,0.26,2.61,0.12,0.37,0.14,0.001,81,39,21,7,19
4517,HN,9.27,329.5,1799.3,40.2,1.88,0.26,2.63,0.16,0.42,0.12,0.001,72,53,12,6,18
4519,HN,4.34,306.2,846.1,17.4,1.91,0.3,2.24,0.22,0.38,0.13,0.001,68,66,11,8,19
4521,HN,2.16,348.5,1059.9,7.899999999,2.5,0.34,2.66,0.23,0.45,0.16,0.001,78,101,24,7,27
4523,HN,5.43,324.1,1085.1,21.25,2.47,0.34,2.01,0.21,0.34,0.14,0.001,68,59,19,6,21
4525,HN,11.95,511.0,1854.7,42.69999999,2.78,0.31,2.18,0.16,0.44,0.18,0.001,100,72,18,10,30
4527,HN,5.59,547.0,897.3,20.95,3.33,0.55,2.47,0.08,0.31,0.21,0.001,109,61,22,15,21
4529,HN,4.21,552.1,633.2,14.75,3.2,0.36,1.59,0.33,0.66,0.2,0.001,108,105,31,26,38
4531,HN,4.26,419.5,623.6,14.2,2.98,0.321,1.85,0.27,0.43,0.21,0.001,145,30,20,11,40
4533,HN,9.76,396.6,1731.5,39,2.63,0.38,2.48,0.13,0.29,0.18,0.001,103,45,14,10,19
4535,HN,6.52,387.9,1269.5,25.15,2.02,0.25,2.07,0.26,0.34,0.14,0.001,64,52,10,5,15
4537,HN,7.57,454.2,1284.1,29.85,2.93,0.34,2.36,0.41,0.45,0.23,0.002,112,51,9,16,26
4539,HN,7.26,377.9,1074.5,34.65,3,0.35,2.66,0.3,0.4,0.18,0.002,102,54,10,12,16
4541,HN,10.16,424.2,1796.9,45.35000001,1.63,0.23,2.13,0.31,0.49,0.11,0.001,64,60,8,5,17
4543,HN,6.29,359.5,1248.6,30.69999999,NA,NA,NA,NA,NA,NA,NA,NA,NA,NA,NA,NA
4545,HN,6.59,361.0,1163.2,24.01,2.3,0.29,1.95,0.15,0.36,0.13,0.001,67,74,23,7,19
4547,HN,5.72,418.7,1034.1,20.5,2.6,0.47,2.54,0.17,0.24,0.16,0.001,53,37,23,9,28
4549,HN,6.64,248.5,1305.1,26.05,1.39,0.18,2.02,0.18,0.27,0.09,0.001,48,44,8,5,10
4551,HN,7.26,391.7,1312.4,28.65,2.01,0.28,2.46,0.19,0.26,0.13,0.001,61,45,15,8,19
4553,HN,8.23,298.1,1429.3,35.94999999,2.7,0.29,2.32,0.19,0.47,0.16,0.001,77,45,19,9,16
4555,HN,10.03,542.0,1478.6,39.20000001,2.93,0.32,2.26,0.22,0.45,0.18,0.001,84,50,14,8,23
4557,HN,8.83,517.0,1482.6,36.6,3.55,0.39,2.4,0.18,0.58,0.23,0.002,134,82,16,12,21
4559,HN,11.1,461.6,1858.2,44.1,2.78,0.39,2.54,0.19,0.47,0.2,0.001,99,80,19,10,29
4561,HN,5.81,377.7,1108.3,20,2.47,0.28,2,0.2,0.59,0.16,0.001,84,73,29,8,26
4563,HN,4.77,380.1,745.8,19.45,3,0.44,2.92,0.14,0.3,0.21,0.001,102,64,30,11,23
4565,HN,7.35,376.4,1341.4,31.14999999,2.6,0.32,2.49,0.16,0.26,0.17,0.001,88,55,20,11,17
4567,HN,4.43,472.3,776.6,19.1,2.65,0.35,2.55,0.16,0.41,0.2,0.001,92,49,18,10,23
4569,HN,8.45,445.6,1464.9,31.55000001,2.68,0.34,2.08,0.17,0.43,0.18,0.002,88,84,36,11,33
4571,HN,9.54,519.3,1683.5,44.64999999,2.57,0.31,2.71,0.22,0.65,0.16,0.003,120,93,13,11,28
4573,HN,6.01,391.0,1190.1,28.6,2.37,0.34,3.14,0.14,0.42,0.14,0.002,114,64,17,9,21
4575,HN,9.93,479.6,1832.6,41.1,2.78,0.33,2.52,0.25,0.7,0.17,0.002,114,72,14,11,27
4577,HN,7.92,448.1,1376.6,37.95,3.1,0.62,2.81,0.15,0.43,0.19,0.002,117,48,19,13,26
4579,HN,7.64,288.4,1438.2,31.8,2.13,0.25,2.51,0.23,0.59,0.15,0.001,95,58,12,8,23
4581,HN,7.32,389.9,1137.4,30.65000001,2.37,0.26,2.59,0.32,0.64,0.17,0.001,89,80,15,13,17
4583,HN,8.18,327.5,1636.0,38.90000001,2.12,0.2,2.12,0.2,0.53,0.12,0.001,81,56,9,7,14
4585,HN,8.01,400.6,1254.4,33.39999999,2.53,0.32,2.3,0.16,0.5,0.15,0.002,97,71,7,13,19
4587,HN,5.02,375.5,778.4,21.35,2.98,0.42,2.98,0.24,0.67,0.19,0.002,108,65,20,15,28
4589,HN,4.93,326.0,1117.0,23.3,2.5,0.49,2.64,0.18,0.44,0.14,0.002,120,74,14,13,16
4591,HN,8.48,459.6,1445.7,35.64999999,2.69,0.3,2.63,0.12,0.32,0.14,0.001,94,29,8,9,14
4593,HN,7.57,596.9,1096.5,30.09999999,3.22,0.33,1.67,0.24,0.45,0.17,0.001,87,48,18,16,21
4595,HN,9.46,397.8,1701.2,40.10000001,2.67,0.33,2.23,0.09,0.44,0.15,0.001,92,67,21,12,20