"","CHROM","BIN_START","SNP_COUNT","variantsperKb"
"1",1,0,630,0.63
"2",1,1000000,429,0.429
"3",1,2000000,147,0.147
"4",1,3000000,117,0.117
"5",1,4000000,144,0.144
"6",1,5000000,148,0.148
"7",1,6000000,100,0.1
"8",1,7000000,172,0.172
"9",1,8000000,273,0.273
"10",1,9000000,94,0.094
"11",1,10000000,175,0.175
"12",1,11000000,219,0.219
"13",1,12000000,98,0.098
"14",1,13000000,303,0.303
"15",1,14000000,253,0.253
"16",1,15000000,64,0.064
"17",1,16000000,162,0.162
"18",1,17000000,177,0.177
"19",1,18000000,281,0.281
"20",1,19000000,164,0.164
"21",1,20000000,135,0.135
"22",1,21000000,369,0.369
"23",1,22000000,183,0.183
"24",1,23000000,131,0.131
"25",1,24000000,110,0.11
"26",1,25000000,99,0.099
"27",1,26000000,213,0.213
"28",1,27000000,113,0.113
"29",1,28000000,170,0.17
"30",1,29000000,105,0.105
"31",1,30000000,105,0.105
"32",1,31000000,110,0.11
"33",1,32000000,211,0.211
"34",1,33000000,114,0.114
"35",1,34000000,77,0.077
"36",1,35000000,100,0.1
"37",1,36000000,149,0.149
"38",1,37000000,142,0.142
"39",1,38000000,176,0.176
"40",1,39000000,162,0.162
"41",1,40000000,154,0.154
"42",1,41000000,133,0.133
"43",1,42000000,224,0.224
"44",1,43000000,147,0.147
"45",1,44000000,79,0.079
"46",1,45000000,168,0.168
"47",1,46000000,123,0.123
"48",1,47000000,76,0.076
"49",1,48000000,91,0.091
"50",1,49000000,189,0.189
"51",1,50000000,249,0.249
"52",1,51000000,84,0.084
"53",1,52000000,115,0.115
"54",1,53000000,68,0.068
"55",1,54000000,86,0.086
"56",1,55000000,202,0.202
"57",1,56000000,136,0.136
"58",1,57000000,167,0.167
"59",1,58000000,207,0.207
"60",1,59000000,97,0.097
"61",1,60000000,81,0.081
"62",1,61000000,140,0.14
"63",1,62000000,64,0.064
"64",1,63000000,152,0.152
"65",1,64000000,157,0.157
"66",1,65000000,169,0.169
"67",1,66000000,236,0.236
"68",1,67000000,38,0.038
"69",1,68000000,164,0.164
"70",1,69000000,151,0.151
"71",1,70000000,114,0.114
"72",1,71000000,131,0.131
"73",1,72000000,177,0.177
"74",1,73000000,174,0.174
"75",1,74000000,155,0.155
"76",1,75000000,223,0.223
"77",1,76000000,132,0.132
"78",1,77000000,153,0.153
"79",1,78000000,330,0.33
"80",1,79000000,98,0.098
"81",1,80000000,71,0.071
"82",1,81000000,71,0.071
"83",1,82000000,198,0.198
"84",1,83000000,62,0.062
"85",1,84000000,157,0.157
"86",1,85000000,209,0.209
"87",1,86000000,91,0.091
"88",1,87000000,123,0.123
"89",1,88000000,199,0.199
"90",1,89000000,285,0.285
"91",1,90000000,209,0.209
"92",1,91000000,203,0.203
"93",1,92000000,102,0.102
"94",1,93000000,262,0.262
"95",1,94000000,118,0.118
"96",1,95000000,183,0.183
"97",1,96000000,123,0.123
"98",1,97000000,182,0.182
"99",1,98000000,287,0.287
"100",1,99000000,102,0.102
"101",1,100000000,62,0.062
"102",1,101000000,155,0.155
"103",1,102000000,162,0.162
"104",1,103000000,252,0.252
"105",1,104000000,398,0.398
"106",1,105000000,128,0.128
"107",1,106000000,142,0.142
"108",1,107000000,116,0.116
"109",1,108000000,147,0.147
"110",1,109000000,82,0.082
"111",1,110000000,96,0.096
"112",1,111000000,498,0.498
"113",1,112000000,236,0.236
"114",1,113000000,245,0.245
"115",1,114000000,177,0.177
"116",1,115000000,96,0.096
"117",1,116000000,184,0.184
"118",1,117000000,230,0.23
"119",1,118000000,483,0.483
"120",1,119000000,212,0.212
"121",1,120000000,125,0.125
"122",1,121000000,185,0.185
"123",1,122000000,266,0.266
"124",1,123000000,176,0.176
"125",1,124000000,249,0.249
"126",1,125000000,323,0.323
"127",1,126000000,364,0.364
"128",1,127000000,607,0.607
"129",1,128000000,345,0.345
"130",1,129000000,355,0.355
"131",1,130000000,372,0.372
"132",1,131000000,383,0.383
"133",1,132000000,325,0.325
"134",1,133000000,302,0.302
"135",1,134000000,376,0.376
"136",1,135000000,345,0.345
"137",1,136000000,402,0.402
"138",1,137000000,443,0.443
"139",1,138000000,370,0.37
"140",1,139000000,332,0.332
"141",1,140000000,297,0.297
"142",1,141000000,285,0.285
"143",1,142000000,133,0.133
"144",1,143000000,251,0.251
"145",1,144000000,328,0.328
"146",1,145000000,405,0.405
"147",1,146000000,352,0.352
"148",1,147000000,322,0.322
"149",1,148000000,403,0.403
"150",1,149000000,204,0.204
"151",1,150000000,162,0.162
"152",1,151000000,156,0.156
"153",1,152000000,72,0.072
"154",1,153000000,273,0.273
"155",1,154000000,218,0.218
"156",1,155000000,137,0.137
"157",1,156000000,215,0.215
"158",1,157000000,236,0.236
"159",1,158000000,343,0.343
"160",1,159000000,636,0.636
"161",1,160000000,190,0.19
"162",1,161000000,96,0.096
"163",1,162000000,181,0.181
"164",1,163000000,169,0.169
"165",1,164000000,123,0.123
"166",1,165000000,132,0.132
"167",1,166000000,127,0.127
"168",1,167000000,289,0.289
"169",1,168000000,165,0.165
"170",1,169000000,101,0.101
"171",1,170000000,110,0.11
"172",1,171000000,267,0.267
"173",1,172000000,126,0.126
"174",1,173000000,197,0.197
"175",1,174000000,95,0.095
"176",1,175000000,123,0.123
"177",1,176000000,250,0.25
"178",1,177000000,455,0.455
"179",1,178000000,100,0.1
"180",1,179000000,75,0.075
"181",1,180000000,158,0.158
"182",1,181000000,182,0.182
"183",1,182000000,86,0.086
"184",1,183000000,376,0.376
"185",1,184000000,176,0.176
"186",1,185000000,25,0.025
"187",1,186000000,34,0.034
"188",1,187000000,66,0.066
"189",1,188000000,224,0.224
"190",1,189000000,96,0.096
"191",1,190000000,120,0.12
"192",1,191000000,43,0.043
"193",1,192000000,332,0.332
"194",1,193000000,123,0.123
"195",1,194000000,120,0.12
"196",1,195000000,79,0.079
"197",1,196000000,157,0.157
"198",1,197000000,127,0.127
"199",1,198000000,175,0.175
"200",1,199000000,65,0.065
"201",1,200000000,111,0.111
"202",1,201000000,107,0.107
"203",1,202000000,142,0.142
"204",1,203000000,276,0.276
"205",1,204000000,98,0.098
"206",1,205000000,153,0.153
"207",1,206000000,147,0.147
"208",1,207000000,159,0.159
"209",1,208000000,148,0.148
"210",1,209000000,145,0.145
"211",1,210000000,94,0.094
"212",1,211000000,342,0.342
"213",1,212000000,97,0.097
"214",1,213000000,109,0.109
"215",1,214000000,237,0.237
"216",1,215000000,121,0.121
"217",1,216000000,89,0.089
"218",1,217000000,259,0.259
"219",1,218000000,237,0.237
"220",1,219000000,181,0.181
"221",1,220000000,207,0.207
"222",1,221000000,231,0.231
"223",1,222000000,109,0.109
"224",1,223000000,170,0.17
"225",1,224000000,159,0.159
"226",1,225000000,266,0.266
"227",1,226000000,172,0.172
"228",1,227000000,141,0.141
"229",1,228000000,102,0.102
"230",1,229000000,189,0.189
"231",1,230000000,86,0.086
"232",1,231000000,317,0.317
"233",1,232000000,124,0.124
"234",1,233000000,164,0.164
"235",1,234000000,190,0.19
"236",1,235000000,233,0.233
"237",1,236000000,283,0.283
"238",1,237000000,83,0.083
"239",1,238000000,226,0.226
"240",1,239000000,184,0.184
"241",1,240000000,167,0.167
"242",1,241000000,360,0.36
"243",1,242000000,168,0.168
"244",1,243000000,233,0.233
"245",1,244000000,274,0.274
"246",1,245000000,145,0.145
"247",1,246000000,151,0.151
"248",1,247000000,829,0.829
"249",1,248000000,86,0.086
"250",1,249000000,198,0.198
"251",1,250000000,276,0.276
"252",1,251000000,126,0.126
"253",1,252000000,87,0.087
"254",1,253000000,91,0.091
"255",1,254000000,160,0.16
"256",1,255000000,161,0.161
"257",1,256000000,285,0.285
"258",1,257000000,230,0.23
"259",1,258000000,170,0.17
"260",1,259000000,134,0.134
"261",1,260000000,187,0.187
"262",1,261000000,220,0.22
"263",1,262000000,172,0.172
"264",1,263000000,189,0.189
"265",1,264000000,198,0.198
"266",1,265000000,193,0.193
"267",1,266000000,216,0.216
"268",1,267000000,122,0.122
"269",1,268000000,135,0.135
"270",1,269000000,143,0.143
"271",1,270000000,81,0.081
"272",1,271000000,160,0.16
"273",1,272000000,76,0.076
"274",1,273000000,73,0.073
"275",1,274000000,208,0.208
"276",1,275000000,140,0.14
"277",1,276000000,156,0.156
"278",1,277000000,222,0.222
"279",1,278000000,68,0.068
"280",1,279000000,254,0.254
"281",1,280000000,265,0.265
"282",1,281000000,78,0.078
"283",1,282000000,198,0.198
"284",1,283000000,161,0.161
"285",1,284000000,84,0.084
"286",1,285000000,85,0.085
"287",1,286000000,158,0.158
"288",1,287000000,166,0.166
"289",1,288000000,104,0.104
"290",1,289000000,124,0.124
"291",1,290000000,183,0.183
"292",1,291000000,171,0.171
"293",1,292000000,222,0.222
"294",1,293000000,145,0.145
"295",1,294000000,215,0.215
"296",1,295000000,106,0.106
"297",1,296000000,136,0.136
"298",1,297000000,395,0.395
"299",1,298000000,62,0.062
"300",1,299000000,252,0.252
"301",1,300000000,260,0.26
"302",1,301000000,351,0.351
"303",2,0,261,0.261
"304",2,1000000,199,0.199
"305",2,2000000,204,0.204
"306",2,3000000,150,0.15
"307",2,4000000,109,0.109
"308",2,5000000,117,0.117
"309",2,6000000,187,0.187
"310",2,7000000,108,0.108
"311",2,8000000,179,0.179
"312",2,9000000,84,0.084
"313",2,10000000,66,0.066
"314",2,11000000,191,0.191
"315",2,12000000,94,0.094
"316",2,13000000,226,0.226
"317",2,14000000,109,0.109
"318",2,15000000,76,0.076
"319",2,16000000,109,0.109
"320",2,17000000,83,0.083
"321",2,18000000,152,0.152
"322",2,19000000,199,0.199
"323",2,20000000,267,0.267
"324",2,21000000,199,0.199
"325",2,22000000,140,0.14
"326",2,23000000,229,0.229
"327",2,24000000,112,0.112
"328",2,25000000,340,0.34
"329",2,26000000,536,0.536
"330",2,27000000,295,0.295
"331",2,28000000,112,0.112
"332",2,29000000,115,0.115
"333",2,30000000,186,0.186
"334",2,31000000,236,0.236
"335",2,32000000,101,0.101
"336",2,33000000,220,0.22
"337",2,34000000,78,0.078
"338",2,35000000,128,0.128
"339",2,36000000,397,0.397
"340",2,37000000,114,0.114
"341",2,38000000,78,0.078
"342",2,39000000,141,0.141
"343",2,40000000,74,0.074
"344",2,41000000,107,0.107
"345",2,42000000,142,0.142
"346",2,43000000,42,0.042
"347",2,44000000,82,0.082
"348",2,45000000,115,0.115
"349",2,46000000,377,0.377
"350",2,47000000,85,0.085
"351",2,48000000,131,0.131
"352",2,49000000,57,0.057
"353",2,50000000,113,0.113
"354",2,51000000,135,0.135
"355",2,52000000,259,0.259
"356",2,53000000,208,0.208
"357",2,54000000,166,0.166
"358",2,55000000,153,0.153
"359",2,56000000,69,0.069
"360",2,57000000,104,0.104
"361",2,58000000,97,0.097
"362",2,59000000,106,0.106
"363",2,60000000,121,0.121
"364",2,61000000,106,0.106
"365",2,62000000,97,0.097
"366",2,63000000,107,0.107
"367",2,64000000,140,0.14
"368",2,65000000,143,0.143
"369",2,66000000,338,0.338
"370",2,67000000,251,0.251
"371",2,68000000,188,0.188
"372",2,69000000,108,0.108
"373",2,70000000,136,0.136
"374",2,71000000,298,0.298
"375",2,72000000,131,0.131
"376",2,73000000,211,0.211
"377",2,74000000,355,0.355
"378",2,75000000,306,0.306
"379",2,76000000,220,0.22
"380",2,77000000,255,0.255
"381",2,78000000,246,0.246
"382",2,79000000,178,0.178
"383",2,80000000,252,0.252
"384",2,81000000,95,0.095
"385",2,82000000,170,0.17
"386",2,83000000,128,0.128
"387",2,84000000,345,0.345
"388",2,85000000,179,0.179
"389",2,86000000,110,0.11
"390",2,87000000,178,0.178
"391",2,88000000,168,0.168
"392",2,89000000,176,0.176
"393",2,90000000,380,0.38
"394",2,91000000,187,0.187
"395",2,92000000,197,0.197
"396",2,93000000,100,0.1
"397",2,94000000,116,0.116
"398",2,95000000,535,0.535
"399",2,96000000,139,0.139
"400",2,97000000,98,0.098
"401",2,98000000,103,0.103
"402",2,99000000,200,0.2
"403",2,100000000,132,0.132
"404",2,101000000,318,0.318
"405",2,102000000,107,0.107
"406",2,103000000,310,0.31
"407",2,104000000,159,0.159
"408",2,105000000,107,0.107
"409",2,106000000,185,0.185
"410",2,107000000,57,0.057
"411",2,108000000,294,0.294
"412",2,109000000,271,0.271
"413",2,110000000,63,0.063
"414",2,111000000,57,0.057
"415",2,112000000,144,0.144
"416",2,113000000,310,0.31
"417",2,114000000,146,0.146
"418",2,115000000,369,0.369
"419",2,116000000,107,0.107
"420",2,117000000,183,0.183
"421",2,118000000,296,0.296
"422",2,119000000,148,0.148
"423",2,120000000,151,0.151
"424",2,121000000,262,0.262
"425",2,122000000,340,0.34
"426",2,123000000,355,0.355
"427",2,124000000,245,0.245
"428",2,125000000,431,0.431
"429",2,126000000,206,0.206
"430",2,127000000,228,0.228
"431",2,128000000,183,0.183
"432",2,129000000,204,0.204
"433",2,130000000,165,0.165
"434",2,131000000,157,0.157
"435",2,132000000,100,0.1
"436",2,133000000,69,0.069
"437",2,134000000,91,0.091
"438",2,135000000,382,0.382
"439",2,136000000,303,0.303
"440",2,137000000,156,0.156
"441",2,138000000,114,0.114
"442",2,139000000,314,0.314
"443",2,140000000,121,0.121
"444",2,141000000,187,0.187
"445",2,142000000,523,0.523
"446",2,143000000,244,0.244
"447",2,144000000,58,0.058
"448",2,145000000,154,0.154
"449",2,146000000,125,0.125
"450",2,147000000,181,0.181
"451",2,148000000,110,0.11
"452",2,149000000,109,0.109
"453",2,150000000,132,0.132
"454",2,151000000,292,0.292
"455",2,152000000,99,0.099
"456",2,153000000,268,0.268
"457",2,154000000,213,0.213
"458",2,155000000,490,0.49
"459",2,156000000,310,0.31
"460",2,157000000,70,0.07
"461",2,158000000,158,0.158
"462",2,159000000,185,0.185
"463",2,160000000,199,0.199
"464",2,161000000,92,0.092
"465",2,162000000,602,0.602
"466",2,163000000,285,0.285
"467",2,164000000,87,0.087
"468",2,165000000,108,0.108
"469",2,166000000,255,0.255
"470",2,167000000,100,0.1
"471",2,168000000,173,0.173
"472",2,169000000,103,0.103
"473",2,170000000,61,0.061
"474",2,171000000,104,0.104
"475",2,172000000,227,0.227
"476",2,173000000,157,0.157
"477",2,174000000,181,0.181
"478",2,175000000,176,0.176
"479",2,176000000,118,0.118
"480",2,177000000,136,0.136
"481",2,178000000,91,0.091
"482",2,179000000,223,0.223
"483",2,180000000,108,0.108
"484",2,181000000,95,0.095
"485",2,182000000,157,0.157
"486",2,183000000,106,0.106
"487",2,184000000,75,0.075
"488",2,185000000,102,0.102
"489",2,186000000,227,0.227
"490",2,187000000,134,0.134
"491",2,188000000,122,0.122
"492",2,189000000,121,0.121
"493",2,190000000,108,0.108
"494",2,191000000,293,0.293
"495",2,192000000,135,0.135
"496",2,193000000,103,0.103
"497",2,194000000,88,0.088
"498",2,195000000,106,0.106
"499",2,196000000,257,0.257
"500",2,197000000,99,0.099
"501",2,198000000,272,0.272
"502",2,199000000,108,0.108
"503",2,200000000,251,0.251
"504",2,201000000,296,0.296
"505",2,202000000,214,0.214
"506",2,203000000,97,0.097
"507",2,204000000,146,0.146
"508",2,205000000,106,0.106
"509",2,206000000,118,0.118
"510",2,207000000,121,0.121
"511",2,208000000,78,0.078
"512",2,209000000,135,0.135
"513",2,210000000,199,0.199
"514",2,211000000,202,0.202
"515",2,212000000,222,0.222
"516",2,213000000,81,0.081
"517",2,214000000,92,0.092
"518",2,215000000,96,0.096
"519",2,216000000,90,0.09
"520",2,217000000,80,0.08
"521",2,218000000,220,0.22
"522",2,219000000,216,0.216
"523",2,220000000,187,0.187
"524",2,221000000,208,0.208
"525",2,222000000,95,0.095
"526",2,223000000,213,0.213
"527",2,224000000,104,0.104
"528",2,225000000,98,0.098
"529",2,226000000,226,0.226
"530",2,227000000,300,0.3
"531",2,228000000,161,0.161
"532",2,229000000,248,0.248
"533",2,230000000,503,0.503
"534",2,231000000,139,0.139
"535",2,232000000,392,0.392
"536",2,233000000,147,0.147
"537",2,234000000,122,0.122
"538",2,235000000,229,0.229
"539",2,236000000,217,0.217
"540",2,237000000,160,0.16
"541",3,0,325,0.325
"542",3,1000000,93,0.093
"543",3,2000000,171,0.171
"544",3,3000000,105,0.105
"545",3,4000000,124,0.124
"546",3,5000000,59,0.059
"547",3,6000000,109,0.109
"548",3,7000000,210,0.21
"549",3,8000000,128,0.128
"550",3,9000000,200,0.2
"551",3,10000000,104,0.104
"552",3,11000000,108,0.108
"553",3,12000000,183,0.183
"554",3,13000000,111,0.111
"555",3,14000000,174,0.174
"556",3,15000000,122,0.122
"557",3,16000000,268,0.268
"558",3,17000000,75,0.075
"559",3,18000000,255,0.255
"560",3,19000000,166,0.166
"561",3,20000000,200,0.2
"562",3,21000000,134,0.134
"563",3,22000000,71,0.071
"564",3,23000000,163,0.163
"565",3,24000000,96,0.096
"566",3,25000000,97,0.097
"567",3,26000000,193,0.193
"568",3,27000000,230,0.23
"569",3,28000000,75,0.075
"570",3,29000000,138,0.138
"571",3,30000000,367,0.367
"572",3,31000000,148,0.148
"573",3,32000000,157,0.157
"574",3,33000000,82,0.082
"575",3,34000000,95,0.095
"576",3,35000000,105,0.105
"577",3,36000000,85,0.085
"578",3,37000000,42,0.042
"579",3,38000000,89,0.089
"580",3,39000000,81,0.081
"581",3,40000000,205,0.205
"582",3,41000000,190,0.19
"583",3,42000000,242,0.242
"584",3,43000000,137,0.137
"585",3,44000000,80,0.08
"586",3,45000000,210,0.21
"587",3,46000000,117,0.117
"588",3,47000000,415,0.415
"589",3,48000000,73,0.073
"590",3,49000000,260,0.26
"591",3,50000000,462,0.462
"592",3,51000000,359,0.359
"593",3,52000000,294,0.294
"594",3,53000000,179,0.179
"595",3,54000000,108,0.108
"596",3,55000000,282,0.282
"597",3,56000000,70,0.07
"598",3,57000000,382,0.382
"599",3,58000000,325,0.325
"600",3,59000000,133,0.133
"601",3,60000000,118,0.118
"602",3,61000000,228,0.228
"603",3,62000000,326,0.326
"604",3,63000000,281,0.281
"605",3,64000000,338,0.338
"606",3,65000000,101,0.101
"607",3,66000000,226,0.226
"608",3,67000000,204,0.204
"609",3,68000000,137,0.137
"610",3,69000000,127,0.127
"611",3,70000000,357,0.357
"612",3,71000000,312,0.312
"613",3,72000000,285,0.285
"614",3,73000000,318,0.318
"615",3,74000000,352,0.352
"616",3,75000000,328,0.328
"617",3,76000000,392,0.392
"618",3,77000000,252,0.252
"619",3,78000000,269,0.269
"620",3,79000000,531,0.531
"621",3,80000000,384,0.384
"622",3,81000000,272,0.272
"623",3,82000000,248,0.248
"624",3,83000000,236,0.236
"625",3,84000000,134,0.134
"626",3,85000000,83,0.083
"627",3,86000000,165,0.165
"628",3,87000000,174,0.174
"629",3,88000000,162,0.162
"630",3,89000000,257,0.257
"631",3,90000000,167,0.167
"632",3,91000000,191,0.191
"633",3,92000000,134,0.134
"634",3,93000000,125,0.125
"635",3,94000000,332,0.332
"636",3,95000000,563,0.563
"637",3,96000000,338,0.338
"638",3,97000000,343,0.343
"639",3,98000000,230,0.23
"640",3,99000000,207,0.207
"641",3,100000000,137,0.137
"642",3,101000000,236,0.236
"643",3,102000000,285,0.285
"644",3,103000000,535,0.535
"645",3,104000000,164,0.164
"646",3,105000000,404,0.404
"647",3,106000000,454,0.454
"648",3,107000000,494,0.494
"649",3,108000000,272,0.272
"650",3,109000000,350,0.35
"651",3,110000000,320,0.32
"652",3,111000000,346,0.346
"653",3,112000000,111,0.111
"654",3,113000000,232,0.232
"655",3,114000000,132,0.132
"656",3,115000000,412,0.412
"657",3,116000000,446,0.446
"658",3,117000000,177,0.177
"659",3,118000000,98,0.098
"660",3,119000000,142,0.142
"661",3,120000000,374,0.374
"662",3,121000000,243,0.243
"663",3,122000000,158,0.158
"664",3,123000000,259,0.259
"665",3,124000000,232,0.232
"666",3,125000000,146,0.146
"667",3,126000000,89,0.089
"668",3,127000000,281,0.281
"669",3,128000000,155,0.155
"670",3,129000000,108,0.108
"671",3,130000000,64,0.064
"672",3,131000000,114,0.114
"673",3,132000000,204,0.204
"674",3,133000000,135,0.135
"675",3,134000000,210,0.21
"676",3,135000000,185,0.185
"677",3,136000000,101,0.101
"678",3,137000000,112,0.112
"679",3,138000000,248,0.248
"680",3,139000000,202,0.202
"681",3,140000000,308,0.308
"682",3,141000000,141,0.141
"683",3,142000000,226,0.226
"684",3,143000000,81,0.081
"685",3,144000000,317,0.317
"686",3,145000000,111,0.111
"687",3,146000000,149,0.149
"688",3,147000000,127,0.127
"689",3,148000000,129,0.129
"690",3,149000000,218,0.218
"691",3,150000000,305,0.305
"692",3,151000000,114,0.114
"693",3,152000000,253,0.253
"694",3,153000000,160,0.16
"695",3,154000000,137,0.137
"696",3,155000000,249,0.249
"697",3,156000000,92,0.092
"698",3,157000000,128,0.128
"699",3,158000000,84,0.084
"700",3,159000000,88,0.088
"701",3,160000000,114,0.114
"702",3,161000000,204,0.204
"703",3,162000000,120,0.12
"704",3,163000000,109,0.109
"705",3,164000000,131,0.131
"706",3,165000000,102,0.102
"707",3,166000000,108,0.108
"708",3,167000000,74,0.074
"709",3,168000000,105,0.105
"710",3,169000000,185,0.185
"711",3,170000000,175,0.175
"712",3,171000000,174,0.174
"713",3,172000000,128,0.128
"714",3,173000000,110,0.11
"715",3,174000000,178,0.178
"716",3,175000000,195,0.195
"717",3,176000000,150,0.15
"718",3,177000000,298,0.298
"719",3,178000000,214,0.214
"720",3,179000000,108,0.108
"721",3,180000000,76,0.076
"722",3,181000000,235,0.235
"723",3,182000000,226,0.226
"724",3,183000000,347,0.347
"725",3,184000000,97,0.097
"726",3,185000000,104,0.104
"727",3,186000000,274,0.274
"728",3,187000000,62,0.062
"729",3,188000000,181,0.181
"730",3,189000000,112,0.112
"731",3,190000000,81,0.081
"732",3,191000000,178,0.178
"733",3,192000000,259,0.259
"734",3,193000000,165,0.165
"735",3,194000000,103,0.103
"736",3,195000000,169,0.169
"737",3,196000000,115,0.115
"738",3,197000000,121,0.121
"739",3,198000000,125,0.125
"740",3,199000000,91,0.091
"741",3,200000000,154,0.154
"742",3,201000000,112,0.112
"743",3,202000000,263,0.263
"744",3,203000000,420,0.42
"745",3,204000000,213,0.213
"746",3,205000000,209,0.209
"747",3,206000000,82,0.082
"748",3,207000000,174,0.174
"749",3,208000000,226,0.226
"750",3,209000000,183,0.183
"751",3,210000000,167,0.167
"752",3,211000000,170,0.17
"753",3,212000000,88,0.088
"754",3,213000000,143,0.143
"755",3,214000000,217,0.217
"756",3,215000000,125,0.125
"757",3,216000000,130,0.13
"758",3,217000000,188,0.188
"759",3,218000000,149,0.149
"760",3,219000000,95,0.095
"761",3,220000000,217,0.217
"762",3,221000000,198,0.198
"763",3,222000000,199,0.199
"764",3,223000000,175,0.175
"765",3,224000000,205,0.205
"766",3,225000000,112,0.112
"767",3,226000000,147,0.147
"768",3,227000000,68,0.068
"769",3,228000000,292,0.292
"770",3,229000000,139,0.139
"771",3,230000000,203,0.203
"772",3,231000000,484,0.484
"773",3,232000000,33,0.033
"774",4,0,151,0.151
"775",4,1000000,153,0.153
"776",4,2000000,261,0.261
"777",4,3000000,234,0.234
"778",4,4000000,298,0.298
"779",4,5000000,359,0.359
"780",4,6000000,347,0.347
"781",4,7000000,249,0.249
"782",4,8000000,197,0.197
"783",4,9000000,208,0.208
"784",4,10000000,214,0.214
"785",4,11000000,206,0.206
"786",4,12000000,111,0.111
"787",4,13000000,238,0.238
"788",4,14000000,244,0.244
"789",4,15000000,360,0.36
"790",4,16000000,141,0.141
"791",4,17000000,133,0.133
"792",4,18000000,126,0.126
"793",4,19000000,283,0.283
"794",4,20000000,138,0.138
"795",4,21000000,78,0.078
"796",4,22000000,141,0.141
"797",4,23000000,273,0.273
"798",4,24000000,106,0.106
"799",4,25000000,63,0.063
"800",4,26000000,174,0.174
"801",4,27000000,242,0.242
"802",4,28000000,120,0.12
"803",4,29000000,243,0.243
"804",4,30000000,325,0.325
"805",4,31000000,271,0.271
"806",4,32000000,112,0.112
"807",4,33000000,145,0.145
"808",4,34000000,175,0.175
"809",4,35000000,139,0.139
"810",4,36000000,151,0.151
"811",4,37000000,140,0.14
"812",4,38000000,185,0.185
"813",4,39000000,215,0.215
"814",4,40000000,221,0.221
"815",4,41000000,263,0.263
"816",4,42000000,226,0.226
"817",4,43000000,192,0.192
"818",4,44000000,269,0.269
"819",4,45000000,572,0.572
"820",4,46000000,164,0.164
"821",4,47000000,270,0.27
"822",4,48000000,367,0.367
"823",4,49000000,222,0.222
"824",4,50000000,145,0.145
"825",4,51000000,174,0.174
"826",4,52000000,319,0.319
"827",4,53000000,80,0.08
"828",4,54000000,258,0.258
"829",4,55000000,146,0.146
"830",4,56000000,162,0.162
"831",4,57000000,175,0.175
"832",4,58000000,367,0.367
"833",4,59000000,404,0.404
"834",4,60000000,78,0.078
"835",4,61000000,100,0.1
"836",4,62000000,173,0.173
"837",4,63000000,153,0.153
"838",4,64000000,379,0.379
"839",4,65000000,189,0.189
"840",4,66000000,101,0.101
"841",4,67000000,190,0.19
"842",4,68000000,275,0.275
"843",4,69000000,218,0.218
"844",4,70000000,99,0.099
"845",4,71000000,182,0.182
"846",4,72000000,259,0.259
"847",4,73000000,309,0.309
"848",4,74000000,118,0.118
"849",4,75000000,91,0.091
"850",4,76000000,95,0.095
"851",4,77000000,225,0.225
"852",4,78000000,139,0.139
"853",4,79000000,144,0.144
"854",4,80000000,294,0.294
"855",4,81000000,160,0.16
"856",4,82000000,231,0.231
"857",4,83000000,164,0.164
"858",4,84000000,437,0.437
"859",4,85000000,436,0.436
"860",4,86000000,325,0.325
"861",4,87000000,351,0.351
"862",4,88000000,332,0.332
"863",4,89000000,380,0.38
"864",4,90000000,332,0.332
"865",4,91000000,241,0.241
"866",4,92000000,411,0.411
"867",4,93000000,339,0.339
"868",4,94000000,281,0.281
"869",4,95000000,398,0.398
"870",4,96000000,245,0.245
"871",4,97000000,244,0.244
"872",4,98000000,286,0.286
"873",4,99000000,342,0.342
"874",4,100000000,397,0.397
"875",4,101000000,310,0.31
"876",4,102000000,374,0.374
"877",4,103000000,371,0.371
"878",4,104000000,281,0.281
"879",4,105000000,169,0.169
"880",4,106000000,221,0.221
"881",4,107000000,273,0.273
"882",4,108000000,282,0.282
"883",4,109000000,225,0.225
"884",4,110000000,281,0.281
"885",4,111000000,112,0.112
"886",4,112000000,121,0.121
"887",4,113000000,139,0.139
"888",4,114000000,159,0.159
"889",4,115000000,280,0.28
"890",4,116000000,434,0.434
"891",4,117000000,429,0.429
"892",4,118000000,237,0.237
"893",4,119000000,265,0.265
"894",4,120000000,234,0.234
"895",4,121000000,269,0.269
"896",4,122000000,401,0.401
"897",4,123000000,171,0.171
"898",4,124000000,118,0.118
"899",4,125000000,389,0.389
"900",4,126000000,114,0.114
"901",4,127000000,127,0.127
"902",4,128000000,252,0.252
"903",4,129000000,215,0.215
"904",4,130000000,124,0.124
"905",4,131000000,351,0.351
"906",4,132000000,116,0.116
"907",4,133000000,172,0.172
"908",4,134000000,806,0.806
"909",4,135000000,252,0.252
"910",4,136000000,143,0.143
"911",4,137000000,273,0.273
"912",4,138000000,85,0.085
"913",4,139000000,64,0.064
"914",4,140000000,160,0.16
"915",4,141000000,300,0.3
"916",4,142000000,524,0.524
"917",4,143000000,175,0.175
"918",4,144000000,175,0.175
"919",4,145000000,214,0.214
"920",4,146000000,392,0.392
"921",4,147000000,164,0.164
"922",4,148000000,165,0.165
"923",4,149000000,159,0.159
"924",4,150000000,172,0.172
"925",4,151000000,144,0.144
"926",4,152000000,248,0.248
"927",4,153000000,107,0.107
"928",4,154000000,202,0.202
"929",4,155000000,154,0.154
"930",4,156000000,94,0.094
"931",4,157000000,170,0.17
"932",4,158000000,164,0.164
"933",4,159000000,75,0.075
"934",4,160000000,199,0.199
"935",4,161000000,109,0.109
"936",4,162000000,204,0.204
"937",4,163000000,156,0.156
"938",4,164000000,104,0.104
"939",4,165000000,117,0.117
"940",4,166000000,328,0.328
"941",4,167000000,278,0.278
"942",4,168000000,476,0.476
"943",4,169000000,245,0.245
"944",4,170000000,231,0.231
"945",4,171000000,237,0.237
"946",4,172000000,300,0.3
"947",4,173000000,191,0.191
"948",4,174000000,281,0.281
"949",4,175000000,157,0.157
"950",4,176000000,379,0.379
"951",4,177000000,126,0.126
"952",4,178000000,182,0.182
"953",4,179000000,216,0.216
"954",4,180000000,255,0.255
"955",4,181000000,132,0.132
"956",4,182000000,197,0.197
"957",4,183000000,226,0.226
"958",4,184000000,106,0.106
"959",4,185000000,97,0.097
"960",4,186000000,201,0.201
"961",4,187000000,162,0.162
"962",4,188000000,158,0.158
"963",4,189000000,208,0.208
"964",4,190000000,195,0.195
"965",4,191000000,206,0.206
"966",4,192000000,181,0.181
"967",4,193000000,136,0.136
"968",4,194000000,148,0.148
"969",4,195000000,265,0.265
"970",4,196000000,139,0.139
"971",4,197000000,84,0.084
"972",4,198000000,163,0.163
"973",4,199000000,200,0.2
"974",4,200000000,215,0.215
"975",4,201000000,165,0.165
"976",4,202000000,239,0.239
"977",4,203000000,258,0.258
"978",4,204000000,197,0.197
"979",4,205000000,268,0.268
"980",4,206000000,157,0.157
"981",4,207000000,140,0.14
"982",4,208000000,85,0.085
"983",4,209000000,252,0.252
"984",4,210000000,209,0.209
"985",4,211000000,548,0.548
"986",4,212000000,121,0.121
"987",4,213000000,111,0.111
"988",4,214000000,284,0.284
"989",4,215000000,148,0.148
"990",4,216000000,160,0.16
"991",4,217000000,200,0.2
"992",4,218000000,290,0.29
"993",4,219000000,248,0.248
"994",4,220000000,208,0.208
"995",4,221000000,307,0.307
"996",4,222000000,303,0.303
"997",4,223000000,162,0.162
"998",4,224000000,202,0.202
"999",4,225000000,420,0.42
"1000",4,226000000,285,0.285
"1001",4,227000000,171,0.171
"1002",4,228000000,155,0.155
"1003",4,229000000,222,0.222
"1004",4,230000000,86,0.086
"1005",4,231000000,185,0.185
"1006",4,232000000,173,0.173
"1007",4,233000000,393,0.393
"1008",4,234000000,128,0.128
"1009",4,235000000,246,0.246
"1010",4,236000000,273,0.273
"1011",4,237000000,299,0.299
"1012",4,238000000,110,0.11
"1013",4,239000000,150,0.15
"1014",4,240000000,60,0.06
"1015",4,241000000,106,0.106
"1016",5,0,223,0.223
"1017",5,1000000,199,0.199
"1018",5,2000000,197,0.197
"1019",5,3000000,168,0.168
"1020",5,4000000,147,0.147
"1021",5,5000000,109,0.109
"1022",5,6000000,144,0.144
"1023",5,7000000,155,0.155
"1024",5,8000000,91,0.091
"1025",5,9000000,189,0.189
"1026",5,10000000,77,0.077
"1027",5,11000000,163,0.163
"1028",5,12000000,299,0.299
"1029",5,13000000,122,0.122
"1030",5,14000000,253,0.253
"1031",5,15000000,66,0.066
"1032",5,16000000,130,0.13
"1033",5,17000000,136,0.136
"1034",5,18000000,136,0.136
"1035",5,19000000,125,0.125
"1036",5,20000000,123,0.123
"1037",5,21000000,164,0.164
"1038",5,22000000,82,0.082
"1039",5,23000000,98,0.098
"1040",5,24000000,118,0.118
"1041",5,25000000,254,0.254
"1042",5,26000000,191,0.191
"1043",5,27000000,116,0.116
"1044",5,28000000,183,0.183
"1045",5,29000000,118,0.118
"1046",5,30000000,102,0.102
"1047",5,31000000,68,0.068
"1048",5,32000000,81,0.081
"1049",5,33000000,67,0.067
"1050",5,34000000,183,0.183
"1051",5,35000000,115,0.115
"1052",5,36000000,243,0.243
"1053",5,37000000,148,0.148
"1054",5,38000000,248,0.248
"1055",5,39000000,105,0.105
"1056",5,40000000,154,0.154
"1057",5,41000000,207,0.207
"1058",5,42000000,119,0.119
"1059",5,43000000,367,0.367
"1060",5,44000000,175,0.175
"1061",5,45000000,165,0.165
"1062",5,46000000,120,0.12
"1063",5,47000000,187,0.187
"1064",5,48000000,173,0.173
"1065",5,49000000,325,0.325
"1066",5,50000000,132,0.132
"1067",5,51000000,153,0.153
"1068",5,52000000,560,0.56
"1069",5,53000000,134,0.134
"1070",5,54000000,212,0.212
"1071",5,55000000,188,0.188
"1072",5,56000000,130,0.13
"1073",5,57000000,183,0.183
"1074",5,58000000,232,0.232
"1075",5,59000000,86,0.086
"1076",5,60000000,104,0.104
"1077",5,61000000,97,0.097
"1078",5,62000000,206,0.206
"1079",5,63000000,237,0.237
"1080",5,64000000,508,0.508
"1081",5,65000000,129,0.129
"1082",5,66000000,201,0.201
"1083",5,67000000,176,0.176
"1084",5,68000000,198,0.198
"1085",5,69000000,197,0.197
"1086",5,70000000,123,0.123
"1087",5,71000000,151,0.151
"1088",5,72000000,69,0.069
"1089",5,73000000,333,0.333
"1090",5,74000000,207,0.207
"1091",5,75000000,80,0.08
"1092",5,76000000,117,0.117
"1093",5,77000000,69,0.069
"1094",5,78000000,141,0.141
"1095",5,79000000,188,0.188
"1096",5,80000000,192,0.192
"1097",5,81000000,155,0.155
"1098",5,82000000,63,0.063
"1099",5,83000000,226,0.226
"1100",5,84000000,135,0.135
"1101",5,85000000,253,0.253
"1102",5,86000000,89,0.089
"1103",5,87000000,157,0.157
"1104",5,88000000,211,0.211
"1105",5,89000000,74,0.074
"1106",5,90000000,233,0.233
"1107",5,91000000,298,0.298
"1108",5,92000000,345,0.345
"1109",5,93000000,266,0.266
"1110",5,94000000,483,0.483
"1111",5,95000000,395,0.395
"1112",5,96000000,206,0.206
"1113",5,97000000,433,0.433
"1114",5,98000000,284,0.284
"1115",5,99000000,393,0.393
"1116",5,100000000,224,0.224
"1117",5,101000000,240,0.24
"1118",5,102000000,114,0.114
"1119",5,103000000,177,0.177
"1120",5,104000000,147,0.147
"1121",5,105000000,214,0.214
"1122",5,106000000,171,0.171
"1123",5,107000000,248,0.248
"1124",5,108000000,228,0.228
"1125",5,109000000,243,0.243
"1126",5,110000000,145,0.145
"1127",5,111000000,188,0.188
"1128",5,112000000,179,0.179
"1129",5,113000000,89,0.089
"1130",5,114000000,66,0.066
"1131",5,115000000,240,0.24
"1132",5,116000000,304,0.304
"1133",5,117000000,211,0.211
"1134",5,118000000,242,0.242
"1135",5,119000000,300,0.3
"1136",5,120000000,398,0.398
"1137",5,121000000,804,0.804
"1138",5,122000000,275,0.275
"1139",5,123000000,322,0.322
"1140",5,124000000,156,0.156
"1141",5,125000000,169,0.169
"1142",5,126000000,335,0.335
"1143",5,127000000,196,0.196
"1144",5,128000000,193,0.193
"1145",5,129000000,189,0.189
"1146",5,130000000,247,0.247
"1147",5,131000000,105,0.105
"1148",5,132000000,60,0.06
"1149",5,133000000,120,0.12
"1150",5,134000000,159,0.159
"1151",5,135000000,184,0.184
"1152",5,136000000,170,0.17
"1153",5,137000000,87,0.087
"1154",5,138000000,462,0.462
"1155",5,139000000,154,0.154
"1156",5,140000000,74,0.074
"1157",5,141000000,165,0.165
"1158",5,142000000,92,0.092
"1159",5,143000000,155,0.155
"1160",5,144000000,113,0.113
"1161",5,145000000,98,0.098
"1162",5,146000000,135,0.135
"1163",5,147000000,212,0.212
"1164",5,148000000,277,0.277
"1165",5,149000000,257,0.257
"1166",5,150000000,179,0.179
"1167",5,151000000,131,0.131
"1168",5,152000000,131,0.131
"1169",5,153000000,254,0.254
"1170",5,154000000,130,0.13
"1171",5,155000000,62,0.062
"1172",5,156000000,182,0.182
"1173",5,157000000,264,0.264
"1174",5,158000000,1167,1.167
"1175",5,159000000,91,0.091
"1176",5,160000000,217,0.217
"1177",5,161000000,182,0.182
"1178",5,162000000,335,0.335
"1179",5,163000000,82,0.082
"1180",5,164000000,161,0.161
"1181",5,165000000,183,0.183
"1182",5,166000000,143,0.143
"1183",5,167000000,83,0.083
"1184",5,168000000,74,0.074
"1185",5,169000000,41,0.041
"1186",5,170000000,40,0.04
"1187",5,171000000,269,0.269
"1188",5,172000000,92,0.092
"1189",5,173000000,152,0.152
"1190",5,174000000,109,0.109
"1191",5,175000000,76,0.076
"1192",5,176000000,86,0.086
"1193",5,177000000,35,0.035
"1194",5,178000000,135,0.135
"1195",5,179000000,70,0.07
"1196",5,180000000,94,0.094
"1197",5,181000000,163,0.163
"1198",5,182000000,162,0.162
"1199",5,183000000,154,0.154
"1200",5,184000000,183,0.183
"1201",5,185000000,469,0.469
"1202",5,186000000,176,0.176
"1203",5,187000000,233,0.233
"1204",5,188000000,181,0.181
"1205",5,189000000,107,0.107
"1206",5,190000000,93,0.093
"1207",5,191000000,72,0.072
"1208",5,192000000,152,0.152
"1209",5,193000000,117,0.117
"1210",5,194000000,116,0.116
"1211",5,195000000,186,0.186
"1212",5,196000000,218,0.218
"1213",5,197000000,63,0.063
"1214",5,198000000,260,0.26
"1215",5,199000000,181,0.181
"1216",5,200000000,184,0.184
"1217",5,201000000,89,0.089
"1218",5,202000000,108,0.108
"1219",5,203000000,169,0.169
"1220",5,204000000,165,0.165
"1221",5,205000000,103,0.103
"1222",5,206000000,156,0.156
"1223",5,207000000,244,0.244
"1224",5,208000000,63,0.063
"1225",5,209000000,106,0.106
"1226",5,210000000,196,0.196
"1227",5,211000000,259,0.259
"1228",5,212000000,164,0.164
"1229",5,213000000,208,0.208
"1230",5,214000000,82,0.082
"1231",5,215000000,144,0.144
"1232",5,216000000,65,0.065
"1233",5,217000000,43,0.043
"1234",6,0,172,0.172
"1235",6,1000000,170,0.17
"1236",6,2000000,158,0.158
"1237",6,3000000,121,0.121
"1238",6,4000000,64,0.064
"1239",6,5000000,154,0.154
"1240",6,6000000,167,0.167
"1241",6,7000000,125,0.125
"1242",6,8000000,177,0.177
"1243",6,9000000,257,0.257
"1244",6,10000000,46,0.046
"1245",6,11000000,27,0.027
"1246",6,12000000,55,0.055
"1247",6,13000000,52,0.052
"1248",6,14000000,136,0.136
"1249",6,15000000,89,0.089
"1250",6,16000000,88,0.088
"1251",6,17000000,151,0.151
"1252",6,18000000,226,0.226
"1253",6,19000000,69,0.069
"1254",6,20000000,108,0.108
"1255",6,21000000,100,0.1
"1256",6,22000000,182,0.182
"1257",6,23000000,162,0.162
"1258",6,24000000,137,0.137
"1259",6,25000000,124,0.124
"1260",6,26000000,519,0.519
"1261",6,27000000,371,0.371
"1262",6,28000000,326,0.326
"1263",6,29000000,142,0.142
"1264",6,30000000,380,0.38
"1265",6,31000000,200,0.2
"1266",6,32000000,167,0.167
"1267",6,33000000,111,0.111
"1268",6,34000000,117,0.117
"1269",6,35000000,111,0.111
"1270",6,36000000,90,0.09
"1271",6,37000000,166,0.166
"1272",6,38000000,166,0.166
"1273",6,39000000,134,0.134
"1274",6,40000000,272,0.272
"1275",6,41000000,204,0.204
"1276",6,42000000,284,0.284
"1277",6,43000000,222,0.222
"1278",6,44000000,183,0.183
"1279",6,45000000,393,0.393
"1280",6,46000000,333,0.333
"1281",6,47000000,433,0.433
"1282",6,48000000,343,0.343
"1283",6,49000000,351,0.351
"1284",6,50000000,316,0.316
"1285",6,51000000,321,0.321
"1286",6,52000000,412,0.412
"1287",6,53000000,256,0.256
"1288",6,54000000,263,0.263
"1289",6,55000000,158,0.158
"1290",6,56000000,136,0.136
"1291",6,57000000,89,0.089
"1292",6,58000000,136,0.136
"1293",6,59000000,182,0.182
"1294",6,60000000,168,0.168
"1295",6,61000000,281,0.281
"1296",6,62000000,177,0.177
"1297",6,63000000,265,0.265
"1298",6,64000000,210,0.21
"1299",6,65000000,139,0.139
"1300",6,66000000,114,0.114
"1301",6,67000000,170,0.17
"1302",6,68000000,121,0.121
"1303",6,69000000,179,0.179
"1304",6,70000000,148,0.148
"1305",6,71000000,106,0.106
"1306",6,72000000,109,0.109
"1307",6,73000000,467,0.467
"1308",6,74000000,147,0.147
"1309",6,75000000,123,0.123
"1310",6,76000000,106,0.106
"1311",6,77000000,36,0.036
"1312",6,78000000,133,0.133
"1313",6,79000000,115,0.115
"1314",6,80000000,127,0.127
"1315",6,81000000,211,0.211
"1316",6,82000000,352,0.352
"1317",6,83000000,197,0.197
"1318",6,84000000,280,0.28
"1319",6,85000000,92,0.092
"1320",6,86000000,278,0.278
"1321",6,87000000,94,0.094
"1322",6,88000000,581,0.581
"1323",6,89000000,181,0.181
"1324",6,90000000,141,0.141
"1325",6,91000000,410,0.41
"1326",6,92000000,101,0.101
"1327",6,93000000,182,0.182
"1328",6,94000000,294,0.294
"1329",6,95000000,239,0.239
"1330",6,96000000,119,0.119
"1331",6,97000000,76,0.076
"1332",6,98000000,149,0.149
"1333",6,99000000,439,0.439
"1334",6,100000000,62,0.062
"1335",6,101000000,416,0.416
"1336",6,102000000,183,0.183
"1337",6,103000000,158,0.158
"1338",6,104000000,163,0.163
"1339",6,105000000,171,0.171
"1340",6,106000000,73,0.073
"1341",6,107000000,189,0.189
"1342",6,108000000,223,0.223
"1343",6,109000000,255,0.255
"1344",6,110000000,87,0.087
"1345",6,111000000,98,0.098
"1346",6,112000000,109,0.109
"1347",6,113000000,103,0.103
"1348",6,114000000,112,0.112
"1349",6,115000000,116,0.116
"1350",6,116000000,168,0.168
"1351",6,117000000,143,0.143
"1352",6,118000000,135,0.135
"1353",6,119000000,235,0.235
"1354",6,120000000,186,0.186
"1355",6,121000000,200,0.2
"1356",6,122000000,135,0.135
"1357",6,123000000,228,0.228
"1358",6,124000000,236,0.236
"1359",6,125000000,295,0.295
"1360",6,126000000,432,0.432
"1361",6,127000000,315,0.315
"1362",6,128000000,105,0.105
"1363",6,129000000,181,0.181
"1364",6,130000000,184,0.184
"1365",6,131000000,82,0.082
"1366",6,132000000,140,0.14
"1367",6,133000000,106,0.106
"1368",6,134000000,142,0.142
"1369",6,135000000,68,0.068
"1370",6,136000000,145,0.145
"1371",6,137000000,111,0.111
"1372",6,138000000,77,0.077
"1373",6,139000000,123,0.123
"1374",6,140000000,157,0.157
"1375",6,141000000,99,0.099
"1376",6,142000000,35,0.035
"1377",6,143000000,139,0.139
"1378",6,144000000,71,0.071
"1379",6,145000000,172,0.172
"1380",6,146000000,111,0.111
"1381",6,147000000,142,0.142
"1382",6,148000000,162,0.162
"1383",6,149000000,184,0.184
"1384",6,150000000,94,0.094
"1385",6,151000000,98,0.098
"1386",6,152000000,236,0.236
"1387",6,153000000,346,0.346
"1388",6,154000000,392,0.392
"1389",6,155000000,130,0.13
"1390",6,156000000,112,0.112
"1391",6,157000000,156,0.156
"1392",6,158000000,95,0.095
"1393",6,159000000,93,0.093
"1394",6,160000000,141,0.141
"1395",6,161000000,85,0.085
"1396",6,162000000,130,0.13
"1397",6,163000000,78,0.078
"1398",6,164000000,231,0.231
"1399",6,165000000,118,0.118
"1400",6,166000000,275,0.275
"1401",6,167000000,341,0.341
"1402",6,168000000,240,0.24
"1403",6,169000000,146,0.146
"1404",7,0,475,0.475
"1405",7,1000000,121,0.121
"1406",7,2000000,122,0.122
"1407",7,3000000,180,0.18
"1408",7,4000000,148,0.148
"1409",7,5000000,138,0.138
"1410",7,6000000,180,0.18
"1411",7,7000000,108,0.108
"1412",7,8000000,123,0.123
"1413",7,9000000,84,0.084
"1414",7,10000000,86,0.086
"1415",7,11000000,149,0.149
"1416",7,12000000,604,0.604
"1417",7,13000000,294,0.294
"1418",7,14000000,170,0.17
"1419",7,15000000,126,0.126
"1420",7,16000000,271,0.271
"1421",7,17000000,76,0.076
"1422",7,18000000,222,0.222
"1423",7,19000000,109,0.109
"1424",7,20000000,135,0.135
"1425",7,21000000,73,0.073
"1426",7,22000000,77,0.077
"1427",7,23000000,22,0.022
"1428",7,24000000,67,0.067
"1429",7,25000000,78,0.078
"1430",7,26000000,86,0.086
"1431",7,27000000,64,0.064
"1432",7,28000000,50,0.05
"1433",7,29000000,146,0.146
"1434",7,30000000,268,0.268
"1435",7,31000000,104,0.104
"1436",7,32000000,56,0.056
"1437",7,33000000,137,0.137
"1438",7,34000000,67,0.067
"1439",7,35000000,244,0.244
"1440",7,36000000,193,0.193
"1441",7,37000000,182,0.182
"1442",7,38000000,254,0.254
"1443",7,39000000,96,0.096
"1444",7,40000000,74,0.074
"1445",7,41000000,145,0.145
"1446",7,42000000,314,0.314
"1447",7,43000000,162,0.162
"1448",7,44000000,227,0.227
"1449",7,45000000,234,0.234
"1450",7,46000000,344,0.344
"1451",7,47000000,228,0.228
"1452",7,48000000,419,0.419
"1453",7,49000000,418,0.418
"1454",7,50000000,215,0.215
"1455",7,51000000,196,0.196
"1456",7,52000000,223,0.223
"1457",7,53000000,291,0.291
"1458",7,54000000,326,0.326
"1459",7,55000000,249,0.249
"1460",7,56000000,292,0.292
"1461",7,57000000,269,0.269
"1462",7,58000000,134,0.134
"1463",7,59000000,196,0.196
"1464",7,60000000,317,0.317
"1465",7,61000000,297,0.297
"1466",7,62000000,349,0.349
"1467",7,63000000,452,0.452
"1468",7,64000000,353,0.353
"1469",7,65000000,295,0.295
"1470",7,66000000,246,0.246
"1471",7,67000000,279,0.279
"1472",7,68000000,418,0.418
"1473",7,69000000,347,0.347
"1474",7,70000000,461,0.461
"1475",7,71000000,488,0.488
"1476",7,72000000,583,0.583
"1477",7,73000000,466,0.466
"1478",7,74000000,350,0.35
"1479",7,75000000,263,0.263
"1480",7,76000000,526,0.526
"1481",7,77000000,233,0.233
"1482",7,78000000,101,0.101
"1483",7,79000000,224,0.224
"1484",7,80000000,256,0.256
"1485",7,81000000,196,0.196
"1486",7,82000000,129,0.129
"1487",7,83000000,287,0.287
"1488",7,84000000,127,0.127
"1489",7,85000000,167,0.167
"1490",7,86000000,253,0.253
"1491",7,87000000,58,0.058
"1492",7,88000000,104,0.104
"1493",7,89000000,179,0.179
"1494",7,90000000,49,0.049
"1495",7,91000000,49,0.049
"1496",7,92000000,247,0.247
"1497",7,93000000,275,0.275
"1498",7,94000000,192,0.192
"1499",7,95000000,222,0.222
"1500",7,96000000,350,0.35
"1501",7,97000000,162,0.162
"1502",7,98000000,225,0.225
"1503",7,99000000,138,0.138
"1504",7,100000000,134,0.134
"1505",7,101000000,134,0.134
"1506",7,102000000,184,0.184
"1507",7,103000000,85,0.085
"1508",7,104000000,142,0.142
"1509",7,105000000,223,0.223
"1510",7,106000000,149,0.149
"1511",7,107000000,102,0.102
"1512",7,108000000,83,0.083
"1513",7,109000000,130,0.13
"1514",7,110000000,305,0.305
"1515",7,111000000,419,0.419
"1516",7,112000000,203,0.203
"1517",7,113000000,119,0.119
"1518",7,114000000,247,0.247
"1519",7,115000000,125,0.125
"1520",7,116000000,83,0.083
"1521",7,117000000,122,0.122
"1522",7,118000000,335,0.335
"1523",7,119000000,599,0.599
"1524",7,120000000,178,0.178
"1525",7,121000000,88,0.088
"1526",7,122000000,230,0.23
"1527",7,123000000,373,0.373
"1528",7,124000000,87,0.087
"1529",7,125000000,200,0.2
"1530",7,126000000,129,0.129
"1531",7,127000000,107,0.107
"1532",7,128000000,133,0.133
"1533",7,129000000,222,0.222
"1534",7,130000000,92,0.092
"1535",7,131000000,231,0.231
"1536",7,132000000,156,0.156
"1537",7,133000000,127,0.127
"1538",7,134000000,183,0.183
"1539",7,135000000,218,0.218
"1540",7,136000000,73,0.073
"1541",7,137000000,78,0.078
"1542",7,138000000,213,0.213
"1543",7,139000000,171,0.171
"1544",7,140000000,97,0.097
"1545",7,141000000,118,0.118
"1546",7,142000000,247,0.247
"1547",7,143000000,126,0.126
"1548",7,144000000,82,0.082
"1549",7,145000000,127,0.127
"1550",7,146000000,101,0.101
"1551",7,147000000,258,0.258
"1552",7,148000000,224,0.224
"1553",7,149000000,383,0.383
"1554",7,150000000,340,0.34
"1555",7,151000000,97,0.097
"1556",7,152000000,182,0.182
"1557",7,153000000,201,0.201
"1558",7,154000000,130,0.13
"1559",7,155000000,45,0.045
"1560",7,156000000,250,0.25
"1561",7,157000000,294,0.294
"1562",7,158000000,115,0.115
"1563",7,159000000,170,0.17
"1564",7,160000000,94,0.094
"1565",7,161000000,98,0.098
"1566",7,162000000,78,0.078
"1567",7,163000000,251,0.251
"1568",7,164000000,153,0.153
"1569",7,165000000,125,0.125
"1570",7,166000000,188,0.188
"1571",7,167000000,117,0.117
"1572",7,168000000,94,0.094
"1573",7,169000000,123,0.123
"1574",7,170000000,115,0.115
"1575",7,171000000,109,0.109
"1576",7,172000000,140,0.14
"1577",7,173000000,130,0.13
"1578",7,174000000,153,0.153
"1579",7,175000000,172,0.172
"1580",7,176000000,74,0.074
"1581",8,0,116,0.116
"1582",8,1000000,137,0.137
"1583",8,2000000,61,0.061
"1584",8,3000000,170,0.17
"1585",8,4000000,190,0.19
"1586",8,5000000,223,0.223
"1587",8,6000000,110,0.11
"1588",8,7000000,185,0.185
"1589",8,8000000,141,0.141
"1590",8,9000000,59,0.059
"1591",8,10000000,330,0.33
"1592",8,11000000,132,0.132
"1593",8,12000000,88,0.088
"1594",8,13000000,150,0.15
"1595",8,14000000,149,0.149
"1596",8,15000000,179,0.179
"1597",8,16000000,49,0.049
"1598",8,17000000,77,0.077
"1599",8,18000000,184,0.184
"1600",8,19000000,325,0.325
"1601",8,20000000,136,0.136
"1602",8,21000000,216,0.216
"1603",8,22000000,163,0.163
"1604",8,23000000,211,0.211
"1605",8,24000000,176,0.176
"1606",8,25000000,113,0.113
"1607",8,26000000,138,0.138
"1608",8,27000000,204,0.204
"1609",8,28000000,296,0.296
"1610",8,29000000,331,0.331
"1611",8,30000000,340,0.34
"1612",8,31000000,177,0.177
"1613",8,32000000,52,0.052
"1614",8,33000000,153,0.153
"1615",8,34000000,91,0.091
"1616",8,35000000,136,0.136
"1617",8,36000000,111,0.111
"1618",8,37000000,132,0.132
"1619",8,38000000,153,0.153
"1620",8,39000000,95,0.095
"1621",8,40000000,152,0.152
"1622",8,41000000,228,0.228
"1623",8,42000000,301,0.301
"1624",8,43000000,209,0.209
"1625",8,44000000,274,0.274
"1626",8,45000000,260,0.26
"1627",8,46000000,266,0.266
"1628",8,47000000,226,0.226
"1629",8,48000000,255,0.255
"1630",8,49000000,129,0.129
"1631",8,50000000,85,0.085
"1632",8,51000000,208,0.208
"1633",8,52000000,71,0.071
"1634",8,53000000,276,0.276
"1635",8,54000000,298,0.298
"1636",8,55000000,250,0.25
"1637",8,56000000,225,0.225
"1638",8,57000000,191,0.191
"1639",8,58000000,291,0.291
"1640",8,59000000,110,0.11
"1641",8,60000000,162,0.162
"1642",8,61000000,233,0.233
"1643",8,62000000,114,0.114
"1644",8,63000000,243,0.243
"1645",8,64000000,220,0.22
"1646",8,65000000,116,0.116
"1647",8,66000000,199,0.199
"1648",8,67000000,97,0.097
"1649",8,68000000,289,0.289
"1650",8,69000000,1864,1.864
"1651",8,70000000,174,0.174
"1652",8,71000000,251,0.251
"1653",8,72000000,299,0.299
"1654",8,73000000,433,0.433
"1655",8,74000000,221,0.221
"1656",8,75000000,128,0.128
"1657",8,76000000,290,0.29
"1658",8,77000000,369,0.369
"1659",8,78000000,129,0.129
"1660",8,79000000,347,0.347
"1661",8,80000000,202,0.202
"1662",8,81000000,159,0.159
"1663",8,82000000,310,0.31
"1664",8,83000000,173,0.173
"1665",8,84000000,214,0.214
"1666",8,85000000,60,0.06
"1667",8,86000000,130,0.13
"1668",8,87000000,166,0.166
"1669",8,88000000,98,0.098
"1670",8,89000000,240,0.24
"1671",8,90000000,121,0.121
"1672",8,91000000,267,0.267
"1673",8,92000000,227,0.227
"1674",8,93000000,259,0.259
"1675",8,94000000,193,0.193
"1676",8,95000000,162,0.162
"1677",8,96000000,854,0.854
"1678",8,97000000,1349,1.349
"1679",8,98000000,307,0.307
"1680",8,99000000,365,0.365
"1681",8,100000000,267,0.267
"1682",8,101000000,341,0.341
"1683",8,102000000,253,0.253
"1684",8,103000000,351,0.351
"1685",8,104000000,156,0.156
"1686",8,105000000,164,0.164
"1687",8,106000000,198,0.198
"1688",8,107000000,230,0.23
"1689",8,108000000,139,0.139
"1690",8,109000000,130,0.13
"1691",8,110000000,116,0.116
"1692",8,111000000,96,0.096
"1693",8,112000000,118,0.118
"1694",8,113000000,206,0.206
"1695",8,114000000,222,0.222
"1696",8,115000000,211,0.211
"1697",8,116000000,124,0.124
"1698",8,117000000,108,0.108
"1699",8,118000000,150,0.15
"1700",8,119000000,208,0.208
"1701",8,120000000,528,0.528
"1702",8,121000000,48,0.048
"1703",8,122000000,188,0.188
"1704",8,123000000,124,0.124
"1705",8,124000000,166,0.166
"1706",8,125000000,159,0.159
"1707",8,126000000,226,0.226
"1708",8,127000000,170,0.17
"1709",8,128000000,177,0.177
"1710",8,129000000,158,0.158
"1711",8,130000000,159,0.159
"1712",8,131000000,141,0.141
"1713",8,132000000,303,0.303
"1714",8,133000000,192,0.192
"1715",8,134000000,89,0.089
"1716",8,135000000,135,0.135
"1717",8,136000000,168,0.168
"1718",8,137000000,110,0.11
"1719",8,138000000,216,0.216
"1720",8,139000000,77,0.077
"1721",8,140000000,94,0.094
"1722",8,141000000,93,0.093
"1723",8,142000000,287,0.287
"1724",8,143000000,215,0.215
"1725",8,144000000,237,0.237
"1726",8,145000000,127,0.127
"1727",8,146000000,53,0.053
"1728",8,147000000,127,0.127
"1729",8,148000000,81,0.081
"1730",8,149000000,139,0.139
"1731",8,150000000,97,0.097
"1732",8,151000000,104,0.104
"1733",8,152000000,149,0.149
"1734",8,153000000,152,0.152
"1735",8,154000000,126,0.126
"1736",8,155000000,122,0.122
"1737",8,156000000,77,0.077
"1738",8,157000000,134,0.134
"1739",8,158000000,83,0.083
"1740",8,159000000,140,0.14
"1741",8,160000000,71,0.071
"1742",8,161000000,178,0.178
"1743",8,162000000,81,0.081
"1744",8,163000000,97,0.097
"1745",8,164000000,103,0.103
"1746",8,165000000,74,0.074
"1747",8,166000000,152,0.152
"1748",8,167000000,157,0.157
"1749",8,168000000,159,0.159
"1750",8,169000000,134,0.134
"1751",8,170000000,102,0.102
"1752",8,171000000,115,0.115
"1753",8,172000000,182,0.182
"1754",8,173000000,64,0.064
"1755",8,174000000,56,0.056
"1756",8,175000000,39,0.039
"1757",9,0,337,0.337
"1758",9,1000000,367,0.367
"1759",9,2000000,187,0.187
"1760",9,3000000,137,0.137
"1761",9,4000000,251,0.251
"1762",9,5000000,142,0.142
"1763",9,6000000,237,0.237
"1764",9,7000000,174,0.174
"1765",9,8000000,171,0.171
"1766",9,9000000,147,0.147
"1767",9,10000000,172,0.172
"1768",9,11000000,110,0.11
"1769",9,12000000,185,0.185
"1770",9,13000000,81,0.081
"1771",9,14000000,255,0.255
"1772",9,15000000,250,0.25
"1773",9,16000000,148,0.148
"1774",9,17000000,909,0.909
"1775",9,18000000,208,0.208
"1776",9,19000000,210,0.21
"1777",9,20000000,76,0.076
"1778",9,21000000,227,0.227
"1779",9,22000000,160,0.16
"1780",9,23000000,118,0.118
"1781",9,24000000,312,0.312
"1782",9,25000000,285,0.285
"1783",9,26000000,193,0.193
"1784",9,27000000,102,0.102
"1785",9,28000000,207,0.207
"1786",9,29000000,332,0.332
"1787",9,30000000,246,0.246
"1788",9,31000000,101,0.101
"1789",9,32000000,115,0.115
"1790",9,33000000,82,0.082
"1791",9,34000000,134,0.134
"1792",9,35000000,161,0.161
"1793",9,36000000,370,0.37
"1794",9,37000000,143,0.143
"1795",9,38000000,151,0.151
"1796",9,39000000,180,0.18
"1797",9,40000000,162,0.162
"1798",9,41000000,55,0.055
"1799",9,42000000,108,0.108
"1800",9,43000000,289,0.289
"1801",9,44000000,163,0.163
"1802",9,45000000,31,0.031
"1803",9,46000000,110,0.11
"1804",9,47000000,65,0.065
"1805",9,48000000,92,0.092
"1806",9,49000000,125,0.125
"1807",9,50000000,206,0.206
"1808",9,51000000,210,0.21
"1809",9,52000000,166,0.166
"1810",9,53000000,208,0.208
"1811",9,54000000,228,0.228
"1812",9,55000000,224,0.224
"1813",9,56000000,91,0.091
"1814",9,57000000,114,0.114
"1815",9,58000000,206,0.206
"1816",9,59000000,102,0.102
"1817",9,60000000,199,0.199
"1818",9,61000000,52,0.052
"1819",9,62000000,140,0.14
"1820",9,63000000,125,0.125
"1821",9,64000000,165,0.165
"1822",9,65000000,145,0.145
"1823",9,66000000,65,0.065
"1824",9,67000000,56,0.056
"1825",9,68000000,118,0.118
"1826",9,69000000,256,0.256
"1827",9,70000000,361,0.361
"1828",9,71000000,289,0.289
"1829",9,72000000,549,0.549
"1830",9,73000000,67,0.067
"1831",9,74000000,122,0.122
"1832",9,75000000,218,0.218
"1833",9,76000000,313,0.313
"1834",9,77000000,241,0.241
"1835",9,78000000,61,0.061
"1836",9,79000000,293,0.293
"1837",9,80000000,213,0.213
"1838",9,81000000,103,0.103
"1839",9,82000000,244,0.244
"1840",9,83000000,188,0.188
"1841",9,84000000,236,0.236
"1842",9,85000000,410,0.41
"1843",9,86000000,137,0.137
"1844",9,87000000,276,0.276
"1845",9,88000000,114,0.114
"1846",9,89000000,96,0.096
"1847",9,90000000,68,0.068
"1848",9,91000000,236,0.236
"1849",9,92000000,307,0.307
"1850",9,93000000,109,0.109
"1851",9,94000000,74,0.074
"1852",9,95000000,81,0.081
"1853",9,96000000,192,0.192
"1854",9,97000000,123,0.123
"1855",9,98000000,138,0.138
"1856",9,99000000,170,0.17
"1857",9,100000000,52,0.052
"1858",9,101000000,122,0.122
"1859",9,102000000,189,0.189
"1860",9,103000000,153,0.153
"1861",9,104000000,94,0.094
"1862",9,105000000,116,0.116
"1863",9,106000000,161,0.161
"1864",9,107000000,323,0.323
"1865",9,108000000,182,0.182
"1866",9,109000000,345,0.345
"1867",9,110000000,173,0.173
"1868",9,111000000,143,0.143
"1869",9,112000000,147,0.147
"1870",9,113000000,104,0.104
"1871",9,114000000,147,0.147
"1872",9,115000000,102,0.102
"1873",9,116000000,138,0.138
"1874",9,117000000,292,0.292
"1875",9,118000000,470,0.47
"1876",9,119000000,127,0.127
"1877",9,120000000,177,0.177
"1878",9,121000000,178,0.178
"1879",9,122000000,87,0.087
"1880",9,123000000,127,0.127
"1881",9,124000000,144,0.144
"1882",9,125000000,95,0.095
"1883",9,126000000,292,0.292
"1884",9,127000000,190,0.19
"1885",9,128000000,150,0.15
"1886",9,129000000,62,0.062
"1887",9,130000000,192,0.192
"1888",9,131000000,174,0.174
"1889",9,132000000,99,0.099
"1890",9,133000000,99,0.099
"1891",9,134000000,163,0.163
"1892",9,135000000,123,0.123
"1893",9,136000000,84,0.084
"1894",9,137000000,144,0.144
"1895",9,138000000,215,0.215
"1896",9,139000000,125,0.125
"1897",9,140000000,98,0.098
"1898",9,141000000,225,0.225
"1899",9,142000000,154,0.154
"1900",9,143000000,81,0.081
"1901",9,144000000,119,0.119
"1902",9,145000000,133,0.133
"1903",9,146000000,99,0.099
"1904",9,147000000,205,0.205
"1905",9,148000000,122,0.122
"1906",9,149000000,101,0.101
"1907",9,150000000,200,0.2
"1908",9,151000000,99,0.099
"1909",9,152000000,121,0.121
"1910",9,153000000,273,0.273
"1911",9,154000000,148,0.148
"1912",9,155000000,271,0.271
"1913",9,156000000,360,0.36
"1914",10,0,151,0.151
"1915",10,1000000,266,0.266
"1916",10,2000000,195,0.195
"1917",10,3000000,651,0.651
"1918",10,4000000,699,0.699
"1919",10,5000000,461,0.461
"1920",10,6000000,113,0.113
"1921",10,7000000,150,0.15
"1922",10,8000000,189,0.189
"1923",10,9000000,201,0.201
"1924",10,10000000,121,0.121
"1925",10,11000000,94,0.094
"1926",10,12000000,89,0.089
"1927",10,13000000,100,0.1
"1928",10,14000000,51,0.051
"1929",10,15000000,81,0.081
"1930",10,16000000,231,0.231
"1931",10,17000000,323,0.323
"1932",10,18000000,231,0.231
"1933",10,19000000,231,0.231
"1934",10,20000000,177,0.177
"1935",10,21000000,106,0.106
"1936",10,22000000,165,0.165
"1937",10,23000000,84,0.084
"1938",10,24000000,778,0.778
"1939",10,25000000,145,0.145
"1940",10,26000000,162,0.162
"1941",10,27000000,215,0.215
"1942",10,28000000,197,0.197
"1943",10,29000000,136,0.136
"1944",10,30000000,116,0.116
"1945",10,31000000,288,0.288
"1946",10,32000000,395,0.395
"1947",10,33000000,152,0.152
"1948",10,34000000,224,0.224
"1949",10,35000000,303,0.303
"1950",10,36000000,197,0.197
"1951",10,37000000,244,0.244
"1952",10,38000000,276,0.276
"1953",10,39000000,106,0.106
"1954",10,40000000,178,0.178
"1955",10,41000000,494,0.494
"1956",10,42000000,438,0.438
"1957",10,43000000,348,0.348
"1958",10,44000000,237,0.237
"1959",10,45000000,258,0.258
"1960",10,46000000,379,0.379
"1961",10,47000000,273,0.273
"1962",10,48000000,279,0.279
"1963",10,49000000,349,0.349
"1964",10,50000000,361,0.361
"1965",10,51000000,289,0.289
"1966",10,52000000,310,0.31
"1967",10,53000000,236,0.236
"1968",10,54000000,211,0.211
"1969",10,55000000,127,0.127
"1970",10,56000000,51,0.051
"1971",10,57000000,109,0.109
"1972",10,58000000,149,0.149
"1973",10,59000000,171,0.171
"1974",10,60000000,168,0.168
"1975",10,61000000,96,0.096
"1976",10,62000000,219,0.219
"1977",10,63000000,270,0.27
"1978",10,64000000,271,0.271
"1979",10,65000000,208,0.208
"1980",10,66000000,172,0.172
"1981",10,67000000,414,0.414
"1982",10,68000000,128,0.128
"1983",10,69000000,313,0.313
"1984",10,70000000,157,0.157
"1985",10,71000000,174,0.174
"1986",10,72000000,173,0.173
"1987",10,73000000,103,0.103
"1988",10,74000000,160,0.16
"1989",10,75000000,280,0.28
"1990",10,76000000,153,0.153
"1991",10,77000000,185,0.185
"1992",10,78000000,321,0.321
"1993",10,79000000,166,0.166
"1994",10,80000000,295,0.295
"1995",10,81000000,86,0.086
"1996",10,82000000,139,0.139
"1997",10,83000000,202,0.202
"1998",10,84000000,172,0.172
"1999",10,85000000,90,0.09
"2000",10,86000000,131,0.131
"2001",10,87000000,179,0.179
"2002",10,88000000,171,0.171
"2003",10,89000000,167,0.167
"2004",10,90000000,296,0.296
"2005",10,91000000,273,0.273
"2006",10,92000000,82,0.082
"2007",10,93000000,130,0.13
"2008",10,94000000,187,0.187
"2009",10,95000000,132,0.132
"2010",10,96000000,279,0.279
"2011",10,97000000,97,0.097
"2012",10,98000000,136,0.136
"2013",10,99000000,181,0.181
"2014",10,100000000,221,0.221
"2015",10,101000000,347,0.347
"2016",10,102000000,207,0.207
"2017",10,103000000,170,0.17
"2018",10,104000000,532,0.532
"2019",10,105000000,200,0.2
"2020",10,106000000,135,0.135
"2021",10,107000000,173,0.173
"2022",10,108000000,176,0.176
"2023",10,109000000,195,0.195
"2024",10,110000000,217,0.217
"2025",10,111000000,198,0.198
"2026",10,112000000,120,0.12
"2027",10,113000000,69,0.069
"2028",10,114000000,161,0.161
"2029",10,115000000,65,0.065
"2030",10,116000000,140,0.14
"2031",10,117000000,158,0.158
"2032",10,118000000,145,0.145
"2033",10,119000000,169,0.169
"2034",10,120000000,92,0.092
"2035",10,121000000,334,0.334
"2036",10,122000000,538,0.538
"2037",10,123000000,165,0.165
"2038",10,124000000,216,0.216
"2039",10,125000000,152,0.152
"2040",10,126000000,107,0.107
"2041",10,127000000,121,0.121
"2042",10,128000000,301,0.301
"2043",10,129000000,201,0.201
"2044",10,130000000,237,0.237
"2045",10,131000000,77,0.077
"2046",10,132000000,101,0.101
"2047",10,133000000,51,0.051
"2048",10,134000000,82,0.082
"2049",10,135000000,102,0.102
"2050",10,136000000,107,0.107
"2051",10,137000000,166,0.166
"2052",10,138000000,131,0.131
"2053",10,139000000,116,0.116
"2054",10,140000000,147,0.147
"2055",10,141000000,297,0.297
"2056",10,142000000,315,0.315
"2057",10,143000000,252,0.252
"2058",10,144000000,150,0.15
"2059",10,145000000,286,0.286
"2060",10,146000000,292,0.292
"2061",10,147000000,58,0.058
"2062",10,148000000,86,0.086
"2063",10,149000000,49,0.049
